{"tag": "C5_dt0050_s2", "N": 3000, "dt": 0.005, "sigma": 20.0, "seed": 2, "steps_done": 4400, "steps_target": 6000, "partial": true, "sidm_subcycles_used": 41, "kappa_full_step": 0.815009598352559, "P_max": 0.009116212139524947, "kappa_max": 0.019546346182227562, "blocked_frac": 0.18808893268460922, "n_scatter_total": 1867191, "beta_i": 0.45374275156956184, "t_series": [0.1, 0.2, 0.3, 0.4, 0.5, 0.6, 0.7000000000000001, 0.8, 0.9, 1.0, 1.1, 1.2, 1.3, 1.4000000000000001, 1.5, 1.6, 1.7, 1.8, 1.9000000000000001, 2.0, 2.1, 2.2, 2.3000000000000003, 2.4, 2.5, 2.6, 2.7, 2.8000000000000003, 2.9, 3.0, 3.1, 3.2, 3.3000000000000003, 3.4, 3.5, 3.6, 3.7, 3.8000000000000003, 3.9, 4.0, 4.1, 4.2, 4.3, 4.4, 4.5, 4.6000000000000005, 4.7, 4.8, 4.9, 5.0, 5.1000000000000005, 5.2, 5.3, 5.4, 5.5, 5.6000000000000005, 5.7, 5.8, 5.9, 6.0, 6.1000000000000005, 6.2, 6.3, 6.4, 6.5, 6.6000000000000005, 6.7, 6.8, 6.9, 7.0, 7.1000000000000005, 7.2, 7.3, 7.4, 7.5, 7.6000000000000005, 7.7, 7.8, 7.9, 8.0, 8.1, 8.2, 8.3, 8.4, 8.5, 8.6, 8.700000000000001, 8.8, 8.9, 9.0, 9.1, 9.200000000000001, 9.3, 9.4, 9.5, 9.6, 9.700000000000001, 9.8, 9.9, 10.0, 10.1, 10.200000000000001, 10.3, 10.4, 10.5, 10.6, 10.700000000000001, 10.8, 10.9, 11.0, 11.1, 11.200000000000001, 11.3, 11.4, 11.5, 11.6, 11.700000000000001, 11.8, 11.9, 12.0, 12.1, 12.200000000000001, 12.3, 12.4, 12.5, 12.6, 12.700000000000001, 12.8, 12.9, 13.0, 13.1, 13.200000000000001, 13.3, 13.4, 13.5, 13.6, 13.700000000000001, 13.8, 13.9, 14.0, 14.1, 14.200000000000001, 14.3, 14.4, 14.5, 14.6, 14.700000000000001, 14.8, 14.9, 15.0, 15.1, 15.200000000000001, 15.3, 15.4, 15.5, 15.6, 15.700000000000001, 15.8, 15.9, 16.0, 16.1, 16.2, 16.3, 16.4, 16.5, 16.6, 16.7, 16.8, 16.9, 17.0, 17.1, 17.2, 17.3, 17.400000000000002, 17.5, 17.6, 17.7, 17.8, 17.900000000000002, 18.0, 18.1, 18.2, 18.3, 18.400000000000002, 18.5, 18.6, 18.7, 18.8, 18.900000000000002, 19.0, 19.1, 19.2, 19.3, 19.400000000000002, 19.5, 19.6, 19.7, 19.8, 19.900000000000002, 20.0, 20.1, 20.2, 20.3, 20.400000000000002, 20.5, 20.6, 20.7, 20.8, 20.900000000000002, 21.0, 21.1, 21.2, 21.3, 21.400000000000002, 21.5, 21.6, 21.7, 21.8, 21.900000000000002, 22.0], "rho_series": [8.841941282883077, 8.473527062762948, 8.657734172823012, 8.10511284264282, 8.013009287612789, 7.1840772923425, 6.170938187012148, 5.9406792994370665, 5.618316856831955, 5.203850859196811, 5.203850859196811, 5.157799081681795, 5.203850859196811, 5.295954414226842, 5.295954414226842, 5.388057969256875, 5.664368634346971, 5.572265079316939, 5.342006191741859, 5.342006191741859, 5.434109746771891, 5.203850859196811, 4.559125973986586, 4.651229529016618, 4.9735919716217305, 4.7893848615616665, 5.434109746771891, 5.756472189377003, 6.124886409497131, 6.401197074587227, 6.170938187012148, 6.170938187012148, 5.80252396689202, 5.526213301801923, 5.249902636711827, 4.651229529016618, 5.111747304166778, 5.342006191741859, 4.835436639076683, 5.295954414226842, 5.249902636711827, 4.697281306531635, 4.7893848615616665, 5.065695526651763, 4.9735919716217305, 4.9735919716217305, 5.80252396689202, 5.664368634346971, 5.572265079316939, 5.710420411861987, 6.493300629617259, 7.64459506749266, 7.322232624887548, 6.631455962162308, 5.756472189377003, 6.032782854467099, 6.447248852102244, 6.999870182282436, 7.276180847372532, 6.861714849737387, 7.045921959797451, 6.907766627252404, 7.138025514827484, 7.138025514827484, 7.368284402402565, 7.276180847372532, 7.091973737312468, 7.782750400037708, 8.013009287612789, 8.3353717302179, 8.151164620157836, 7.5064397349476115, 7.966957510097772, 8.795889505368061, 8.980096615428126, 8.473527062762948, 8.56563061779298, 8.887993060398093, 8.841941282883077, 8.10511284264282, 8.197216397672852, 8.059061065127805, 8.749837727853045, 8.381423507732917, 8.243268175187868, 8.934044837913108, 8.934044837913108, 8.657734172823012, 9.02614839294314, 8.749837727853045, 9.4866661680933, 10.361649940878605, 9.947183943243461, 10.039287498273493, 9.901132165728447, 9.532717945608319, 9.762976833183398, 10.131391053303526, 9.901132165728447, 9.256407280518221, 9.302459058033236, 9.348510835548254, 9.947183943243461, 10.223494608333556, 10.223494608333556, 9.855080388213429, 9.118251947973173, 9.02614839294314, 9.164303725488189, 9.302459058033236, 8.841941282883077, 9.809028610698412, 9.901132165728447, 9.210355503003205, 9.578769723123333, 9.4866661680933, 9.348510835548254, 10.31559816336359, 10.269546385848574, 10.453753495908638, 10.637960605968702, 11.374789046208958, 11.558996156269023, 11.651099711299054, 11.328737268693942, 11.69715148881407, 11.282685491178926, 10.960323048573814, 10.960323048573814, 11.60504793378404, 10.77611593851375, 10.684012383483719, 10.960323048573814, 11.052426603603847, 11.23663371366391, 12.295824596509279, 11.973462153904167, 12.203721041479247, 12.065565708934198, 12.387928151539311, 11.69715148881407, 12.249772818994263, 12.387928151539311, 13.262911924324616, 12.710290594144423, 13.401067256869664, 13.67737792195976, 13.67737792195976, 12.894497704204488, 13.355015479354647, 13.401067256869664, 13.999740364564872, 14.322102807169985, 14.13789569710992, 14.460258139715032, 14.73656880480513, 14.920775914865192, 15.151034802440272, 14.920775914865192, 15.88786324268053, 14.59841347226008, 15.657604355105448, 15.058931247410241, 15.058931247410241, 15.611552577590434, 15.243138357470306, 14.506309917230048, 14.82867235983516, 14.874724137350176, 14.644465249775095, 15.427345467530369, 15.427345467530369, 15.5194490225604, 14.874724137350176, 14.966827692380209, 14.276051029654967, 14.82867235983516, 14.966827692380209, 14.229999252139951, 14.276051029654967, 13.723429699474774, 14.13789569710992, 14.644465249775095, 14.782620582320144, 14.690517027290113, 15.104983024925257, 14.874724137350176, 15.657604355105448, 15.795759687650497, 15.841811465165513, 15.74970791013548, 16.072070352740592, 16.026018575225578, 16.164173907770625, 16.762847015465834, 16.532588127890754, 16.57863990540577, 16.440484572860722, 16.394432795345704, 16.072070352740592, 16.11812213025561, 16.11812213025561, 15.611552577590434, 15.703656132620464, 15.427345467530369, 16.11812213025561, 16.30232924031567, 16.11812213025561, 17.591779010736122, 18.05229678588628, 18.236503895946345, 17.8220378983112, 17.775986120796187, 17.96019323085625, 18.006245008371266, 18.466762783521425, 18.9733323361866, 19.065435891216637, 18.78912522612654, 18.650969893581493],