{"tag": "C5_dt0012_s1", "N": 3000, "dt": 0.00125, "sigma": 20.0, "seed": 1, "steps_done": 13600, "steps_target": 24000, "partial": true, "sidm_subcycles_used": 9, "kappa_full_step": 0.1798784984039323, "P_max": 0.0047422099100154404, "kappa_max": 0.019341932422609332, "blocked_frac": 0.15187206223999136, "n_scatter_total": 1507560, "beta_i": 0.5705302732676643, "t_series": [0.1, 0.2, 0.3, 0.4, 0.5, 0.6, 0.7000000000000001, 0.8, 0.9, 1.0, 1.1, 1.2, 1.3, 1.4000000000000001, 1.5, 1.6, 1.7, 1.8, 1.9000000000000001, 2.0, 2.1, 2.2, 2.3000000000000003, 2.4, 2.5, 2.6, 2.7, 2.8000000000000003, 2.9, 3.0, 3.1, 3.2, 3.3000000000000003, 3.4, 3.5, 3.6, 3.7, 3.8000000000000003, 3.9, 4.0, 4.1, 4.2, 4.3, 4.4, 4.5, 4.6000000000000005, 4.7, 4.8, 4.9, 5.0, 5.1000000000000005, 5.2, 5.3, 5.4, 5.5, 5.6000000000000005, 5.7, 5.8, 5.9, 6.0, 6.1000000000000005, 6.2, 6.3, 6.4, 6.5, 6.6000000000000005, 6.7, 6.8, 6.9, 7.0, 7.1000000000000005, 7.2, 7.3, 7.4, 7.5, 7.6000000000000005, 7.7, 7.8, 7.9, 8.0, 8.1, 8.2, 8.3, 8.4, 8.5, 8.6, 8.700000000000001, 8.8, 8.9, 9.0, 9.1, 9.200000000000001, 9.3, 9.4, 9.5, 9.6, 9.700000000000001, 9.8, 9.9, 10.0, 10.1, 10.200000000000001, 10.3, 10.4, 10.5, 10.6, 10.700000000000001, 10.8, 10.9, 11.0, 11.1, 11.200000000000001, 11.3, 11.4, 11.5, 11.6, 11.700000000000001, 11.8, 11.9, 12.0, 12.1, 12.200000000000001, 12.3, 12.4, 12.5, 12.6, 12.700000000000001, 12.8, 12.9, 13.0, 13.1, 13.200000000000001, 13.3, 13.4, 13.5, 13.6, 13.700000000000001, 13.8, 13.9, 14.0, 14.1, 14.200000000000001, 14.3, 14.4, 14.5, 14.6, 14.700000000000001, 14.8, 14.9, 15.0, 15.1, 15.200000000000001, 15.3, 15.4, 15.5, 15.6, 15.700000000000001, 15.8, 15.9, 16.0, 16.1, 16.2, 16.3, 16.4, 16.5, 16.6, 16.7, 16.8, 16.9, 17.0], "rho_series": [9.762976833183398, 9.532717945608319, 8.795889505368061, 8.657734172823012, 9.072200170458157, 8.473527062762948, 8.519578840277966, 6.95381840476742, 6.124886409497131, 6.3551452970722115, 6.493300629617259, 7.1840772923425, 7.230129069857516, 7.138025514827484, 7.5064397349476115, 7.230129069857516, 7.41433617991758, 7.045921959797451, 6.999870182282436, 7.736698622522693, 7.9209057325827565, 8.3353717302179, 7.276180847372532, 7.598543289977644, 7.045921959797451, 7.138025514827484, 7.64459506749266, 7.5064397349476115, 7.552491512462629, 8.059061065127805, 7.828802177552724, 8.56563061779298, 8.473527062762948, 8.243268175187868, 8.427475285247933, 7.5064397349476115, 7.552491512462629, 7.322232624887548, 7.736698622522693, 7.368284402402565, 6.95381840476742, 6.769611294707356, 6.7235595171923395, 6.631455962162308, 6.769611294707356, 6.7235595171923395, 6.3551452970722115, 5.756472189377003, 5.986731076952084, 6.631455962162308, 6.677507739677323, 6.999870182282436, 6.95381840476742, 6.861714849737387, 6.999870182282436, 6.769611294707356, 7.045921959797451, 7.322232624887548, 7.41433617991758, 6.907766627252404, 6.631455962162308, 6.401197074587227, 6.7235595171923395, 7.138025514827484, 7.966957510097772, 8.013009287612789, 9.164303725488189, 9.118251947973173, 8.703785950338029, 8.611682395307996, 8.473527062762948, 8.197216397672852, 8.473527062762948, 8.197216397672852, 8.519578840277966, 8.197216397672852, 8.519578840277966, 8.887993060398093, 9.993235720758477, 9.762976833183398, 9.762976833183398, 9.670873278153366, 10.131391053303526, 11.00637482608883, 10.637960605968702, 10.591908828453684, 10.269546385848574, 10.269546385848574, 10.730064160998733, 11.098478381118863, 10.407701718393621, 10.684012383483719, 10.730064160998733, 10.407701718393621, 9.855080388213429, 9.993235720758477, 9.302459058033236, 9.440614390578284, 9.4866661680933, 9.670873278153366, 8.934044837913108, 8.841941282883077, 8.56563061779298, 8.611682395307996, 9.348510835548254, 9.302459058033236, 9.256407280518221, 9.39456261306327, 9.210355503003205, 9.302459058033236, 8.749837727853045, 8.427475285247933, 8.151164620157836, 8.749837727853045, 8.841941282883077, 9.302459058033236, 9.716925055668382, 9.02614839294314, 9.072200170458157, 9.302459058033236, 9.302459058033236, 9.809028610698412, 8.749837727853045, 9.164303725488189, 8.980096615428126, 8.749837727853045, 8.795889505368061, 8.473527062762948, 8.657734172823012, 8.427475285247933, 7.368284402402565, 8.381423507732917, 8.059061065127805, 8.3353717302179, 8.3353717302179, 8.427475285247933, 8.197216397672852, 7.9209057325827565, 8.10511284264282, 8.3353717302179, 8.151164620157836, 8.657734172823012, 8.657734172823012, 8.519578840277966, 8.980096615428126, 9.670873278153366, 9.302459058033236, 9.716925055668382, 10.361649940878605, 9.578769723123333, 10.407701718393621, 10.591908828453684, 10.453753495908638, 10.960323048573814, 11.282685491178926, 11.282685491178926, 10.77611593851375, 10.499805273423654, 10.31559816336359, 10.591908828453684, 10.31559816336359, 10.591908828453684, 10.684012383483719, 10.54585705093867, 9.855080388213429, 10.31559816336359, 9.762976833183398, 9.855080388213429, 9.901132165728447, 10.684012383483719],