{"tag": "C5_dt0025_s1", "N": 3000, "dt": 0.0025, "sigma": 20.0, "seed": 1, "steps_done": 5200, "steps_target": 12000, "partial": true, "sidm_subcycles_used": 12, "kappa_full_step": 0.2321621267312816, "P_max": 0.0061558205945592935, "kappa_max": 0.019487043437022376, "blocked_frac": 0.15108290943416017, "n_scatter_total": 826803, "beta_i": 0.5705302732676643, "t_series": [0.1, 0.2, 0.3, 0.4, 0.5, 0.6, 0.7000000000000001, 0.8, 0.9, 1.0, 1.1, 1.2, 1.3, 1.4000000000000001, 1.5, 1.6, 1.7, 1.8, 1.9000000000000001, 2.0, 2.1, 2.2, 2.3000000000000003, 2.4, 2.5, 2.6, 2.7, 2.8000000000000003, 2.9, 3.0, 3.1, 3.2, 3.3000000000000003, 3.4, 3.5, 3.6, 3.7, 3.8000000000000003, 3.9, 4.0, 4.1, 4.2, 4.3, 4.4, 4.5, 4.6000000000000005, 4.7, 4.8, 4.9, 5.0, 5.1000000000000005, 5.2, 5.3, 5.4, 5.5, 5.6000000000000005, 5.7, 5.8, 5.9, 6.0, 6.1000000000000005, 6.2, 6.3, 6.4, 6.5, 6.6000000000000005, 6.7, 6.8, 6.9, 7.0, 7.1000000000000005, 7.2, 7.3, 7.4, 7.5, 7.6000000000000005, 7.7, 7.8, 7.9, 8.0, 8.1, 8.2, 8.3, 8.4, 8.5, 8.6, 8.700000000000001, 8.8, 8.9, 9.0, 9.1, 9.200000000000001, 9.3, 9.4, 9.5, 9.6, 9.700000000000001, 9.8, 9.9, 10.0, 10.1, 10.200000000000001, 10.3, 10.4, 10.5, 10.6, 10.700000000000001, 10.8, 10.9, 11.0, 11.1, 11.200000000000001, 11.3, 11.4, 11.5, 11.6, 11.700000000000001, 11.8, 11.9, 12.0, 12.1, 12.200000000000001, 12.3, 12.4, 12.5, 12.6, 12.700000000000001, 12.8, 12.9, 13.0], "rho_series": [9.348510835548254, 9.578769723123333, 9.302459058033236, 8.749837727853045, 8.3353717302179, 8.059061065127805, 7.045921959797451, 7.276180847372532, 6.7235595171923395, 6.907766627252404, 6.585404184647292, 6.216989964527163, 5.9406792994370665, 5.710420411861987, 6.170938187012148, 5.986731076952084, 6.3551452970722115, 6.216989964527163, 6.631455962162308, 7.138025514827484, 7.276180847372532, 7.598543289977644, 8.3353717302179, 8.013009287612789, 7.41433617991758, 7.598543289977644, 7.598543289977644, 8.3353717302179, 7.41433617991758, 7.41433617991758, 7.322232624887548, 7.276180847372532, 6.7235595171923395, 7.230129069857516, 7.091973737312468, 6.677507739677323, 6.5393524071322755, 6.078834631982115, 6.032782854467099, 6.078834631982115, 6.815663072222372, 6.907766627252404, 7.368284402402565, 8.059061065127805, 7.552491512462629, 7.598543289977644, 7.460387957432596, 7.64459506749266, 7.552491512462629, 7.87485395506774, 8.56563061779298, 8.980096615428126, 8.887993060398093, 9.02614839294314, 8.841941282883077, 8.381423507732917, 8.795889505368061, 9.62482150063835, 9.302459058033236, 8.841941282883077, 8.703785950338029, 9.072200170458157, 9.4866661680933, 10.08533927578851, 10.039287498273493, 9.947183943243461, 9.62482150063835, 9.670873278153366, 9.256407280518221, 8.749837727853045, 9.072200170458157, 9.348510835548254, 9.716925055668382, 9.993235720758477, 10.269546385848574, 9.4866661680933, 10.591908828453684, 11.00637482608883, 11.789255043844102, 12.019513931419182, 12.480031706569344, 12.433979929054326, 12.572135261599374, 12.75634237165944, 12.940549481719502, 12.664238816629407, 12.75634237165944, 12.894497704204488, 12.986601259234519, 13.262911924324616, 13.170808369294583, 12.802394149174454, 12.664238816629407, 12.710290594144423, 12.802394149174454, 12.802394149174454, 13.355015479354647, 13.723429699474774, 14.276051029654967, 14.690517027290113, 14.414206362200016, 15.28919013498532, 14.506309917230048, 14.460258139715032, 15.28919013498532, 15.28919013498532, 14.460258139715032, 14.644465249775095, 14.82867235983516, 14.552361694745064, 15.473397245045385, 15.197086579955288, 14.73656880480513, 14.091843919594902, 14.045792142079888, 14.414206362200016, 12.986601259234519, 13.401067256869664, 13.539222589414711, 14.229999252139951, 14.414206362200016, 14.690517027290113, 14.73656880480513, 14.276051029654967, 14.229999252139951, 13.447119034384679, 13.861585032019823, 14.59841347226008, 15.5194490225604, 15.611552577590434], "beta_series": [0.0976272042922948, -0.06931610562650334, 0.053984718949463356, -0.1104362010495492, -0.1868931123324698, -0.11269312898214154, 0.007897676048629343, 0.02714001380903791, -0.1870102147021826, -0.17289643266298443, -0.17000647259095247, -0.07416594132438813, -0.6990680270323055, -0.8186961130440847, -0.09048975208379718, 0.00314845619562322, -0.1378772021949249, -0.0318800756241672, 0.08462374558745016, 0.07643814785128533, -0.13852500505878917, -0.04784601427344359, 0.02061078822096986, -0.2059499650929139, -0.01153837814507655, 0.006303324159955326, -0.02190941505662887, -0.21477194678394418, -0.03907629266376125, 0.012166909682026772, -0.31210955916364824, 0.09687972885877347, -0.15446961781179078, -0.07376465432932452, -0.0771602300046723, 0.05905520779892, -0.030398908115692597, -0.023894579566949875, -0.25894448129854997, -0.09182584320083954, -0.024490655215820598, -0.08333740670069091, -0.07636849003182586, -0.10657135506524301, -0.22696620049615518, -0.26022603094719576, -0.022332000347820416, -0.11305272811959285, -0.0733600844541182, 0.03532971432353953, -0.013501129398191647, 0.052268929401054806, 0.01123225103763456, 0.007589035071352196, -0.06539288068017877, -0.05159335900673681, -0.06610160034490228, -0.04310254575621553, -0.08590106763198567, -0.1146383919696105, 0.08401260802541165, -0.10480947993157744, -0.05261965412894887, 0.09630010621779261, -0.13861974644815747, 0.01360638225802771, -0.13215778647356044, 0.008014133396759937, 0.06677573989858505, 0.06945659809051308, 0.014358687834642683, 0.08003582486293484, -0.03188029893349119, 0.014041974620727343, -0.15392612773973896, -0.0352320601099777, -0.11564361043982355, -0.07457209091069202, -0.143528988407642, -0.06168823800908889, -0.09763201763195825, -0.043405143452176206, -0.04841725044086302, -0.1863141876759281, -0.04926555324710814, -0.07993065539012374, -0.024293438455676122, -0.07379910035999299, -0.07551123540566408, 0.004485610323898229, 0.012956163687672273, 0.026427646605870686, -0.11481216322310006, -0.01610014951942404, -0.03615495984589173, -0.07738526047446614, -0.010564603663290373, 0.005089470037968405, -0.00319935272662962, -0.044412446458962695, 0.051569412102975554, -0.10816755903234103, -0.021381250555579434, -0.031966402026405605, 0.021018180091926464, -0.03315941016580816, -0.05321353094794737, -0.0988118881779806, -0.09462240306208237, 0.07273276416920409, -0.03848214094469726, -0.054178376927270164, -0.0014875126622598128, -0.029802429661509214, 0.055164834855607914, -0.07532532501846716, 0.034569180759671525, -0.10250212481021342, -0.13112325308539247, 0.00700529284848618, 0.009190449036451054, -0.09156233725300585, 0.005463054723474567, 0.06559855531276523, -0.002201209807654189, -0.00618863952270611, 0.06817458974302747, -0.019067202666509672, -0.06694194403710496, 0.014800973820534635]}