{"tag": "C5_dt0050_s1", "N": 3000, "dt": 0.005, "sigma": 20.0, "seed": 1, "steps_done": 2600, "steps_target": 6000, "partial": true, "sidm_subcycles_used": 26, "kappa_full_step": 0.5026278838799904, "P_max": 0.006003936911384281, "kappa_max": 0.019490536726787085, "blocked_frac": 0.15781826310495137, "n_scatter_total": 824763, "beta_i": 0.5705302732676643, "t_series": [0.1, 0.2, 0.3, 0.4, 0.5, 0.6, 0.7000000000000001, 0.8, 0.9, 1.0, 1.1, 1.2, 1.3, 1.4000000000000001, 1.5, 1.6, 1.7, 1.8, 1.9000000000000001, 2.0, 2.1, 2.2, 2.3000000000000003, 2.4, 2.5, 2.6, 2.7, 2.8000000000000003, 2.9, 3.0, 3.1, 3.2, 3.3000000000000003, 3.4, 3.5, 3.6, 3.7, 3.8000000000000003, 3.9, 4.0, 4.1, 4.2, 4.3, 4.4, 4.5, 4.6000000000000005, 4.7, 4.8, 4.9, 5.0, 5.1000000000000005, 5.2, 5.3, 5.4, 5.5, 5.6000000000000005, 5.7, 5.8, 5.9, 6.0, 6.1000000000000005, 6.2, 6.3, 6.4, 6.5, 6.6000000000000005, 6.7, 6.8, 6.9, 7.0, 7.1000000000000005, 7.2, 7.3, 7.4, 7.5, 7.6000000000000005, 7.7, 7.8, 7.9, 8.0, 8.1, 8.2, 8.3, 8.4, 8.5, 8.6, 8.700000000000001, 8.8, 8.9, 9.0, 9.1, 9.200000000000001, 9.3, 9.4, 9.5, 9.6, 9.700000000000001, 9.8, 9.9, 10.0, 10.1, 10.200000000000001, 10.3, 10.4, 10.5, 10.6, 10.700000000000001, 10.8, 10.9, 11.0, 11.1, 11.200000000000001, 11.3, 11.4, 11.5, 11.6, 11.700000000000001, 11.8, 11.9, 12.0, 12.1, 12.200000000000001, 12.3, 12.4, 12.5, 12.6, 12.700000000000001, 12.8, 12.9, 13.0], "rho_series": [9.256407280518221, 8.749837727853045, 9.02614839294314, 8.197216397672852, 8.243268175187868, 8.381423507732917, 8.10511284264282, 7.1840772923425, 6.631455962162308, 6.5393524071322755, 6.769611294707356, 6.907766627252404, 6.861714849737387, 6.907766627252404, 7.460387957432596, 7.045921959797451, 6.3551452970722115, 6.5393524071322755, 7.091973737312468, 6.447248852102244, 6.7235595171923395, 6.861714849737387, 7.230129069857516, 6.585404184647292, 6.907766627252404, 6.999870182282436, 6.815663072222372, 6.3551452970722115, 6.5393524071322755, 6.170938187012148, 6.309093519557195, 6.26304174204218, 7.460387957432596, 7.276180847372532, 7.091973737312468, 7.41433617991758, 7.138025514827484, 7.322232624887548, 7.091973737312468, 7.690646845007676, 8.059061065127805, 8.519578840277966, 8.10511284264282, 7.552491512462629, 7.5064397349476115, 7.368284402402565, 7.41433617991758, 7.9209057325827565, 8.243268175187868, 7.9209057325827565, 8.059061065127805, 8.197216397672852, 8.795889505368061, 9.302459058033236, 9.072200170458157, 8.473527062762948, 8.657734172823012, 9.02614839294314, 9.210355503003205, 9.072200170458157, 9.578769723123333, 8.887993060398093, 8.3353717302179, 8.749837727853045, 8.841941282883077, 9.02614839294314, 8.887993060398093, 8.427475285247933, 9.118251947973173, 9.670873278153366, 10.039287498273493, 10.08533927578851, 10.131391053303526, 10.269546385848574, 10.407701718393621, 11.144530158633877, 11.512944378754005, 11.420840823723974, 11.052426603603847, 10.868219493543782, 10.637960605968702, 10.31559816336359, 10.269546385848574, 10.822167716028767, 11.282685491178926, 11.46689260123899, 11.190581936148895, 11.789255043844102, 11.60504793378404, 12.295824596509279, 13.2168601468096, 13.539222589414711, 13.90763680953484, 13.539222589414711, 13.308963701839632, 14.091843919594902, 15.058931247410241, 14.966827692380209, 14.73656880480513, 14.874724137350176, 14.874724137350176, 15.611552577590434, 16.11812213025561, 16.026018575225578, 16.6707434604358, 16.30232924031567, 15.979966797710562, 16.026018575225578, 16.854950570495866, 16.164173907770625, 16.440484572860722, 17.03915768055593, 16.80889879298085, 16.90100234801088, 17.591779010736122, 17.177313013100978, 18.558866338551457, 19.710160776426857, 19.57200544388181, 20.53909277169715, 20.63119632672718, 20.26278210660705, 19.34174655630673, 19.433850111336763, 19.525953666366796, 20.078574996546987, 20.124626774062005, 20.907506991817275, 21.09171410187734, 21.137765879392354], "beta_series": [0.002373397912640185, -0.05506314749333749, -0.08051233089621077, -0.05379271811318019, -0.09741841665017224, -0.05786037216439614, -0.35510269276299583, -0.10553909123927833, -0.010004723206030408, 0.0045556782641393845, 0.03765732577433492, 0.0295899902568576, 0.03057891005835768, -0.04669055505925643, -0.0016868065809832744, -0.10397511624396784, -0.09271464178820309, -0.0427994438797438, 0.04046700615070194, -0.11497046412540801, -0.08947014474991366, 0.08059443220916845, 0.09246241434601152, 0.028813314280302538, -0.04261912907597987, -0.06782648268575178, 0.015622543808446132, -0.11957486172499657, 0.025159512844835627, -0.1446683354955482, -0.012965386659917658, -0.08503162455294562, -0.10347511984539991, -0.07762880466194458, -0.06680818029382007, -0.11564309671007354, -0.00028045185984068577, -0.08837329837857896, -0.021618987725627342, -0.17248031817312615, -0.08847177567646484, -0.049982335803263556, -0.07908149386520062, 0.04044617211539728, -0.11398203299620924, -0.03870818338890575, -0.017473129070728344, 0.03707011626206551, 0.014399992112341761, -0.0046114025704762085, 0.009711409724849088, -0.053974174476589226, 0.004406797210831287, -0.11920901412286801, -0.06017414418574116, -0.051791090344249086, -0.10358492004666452, 0.01310863997052461, -0.025444229743082886, -0.03782924388312742, -0.0670696183503548, -0.36969982330166695, -0.07909336684712492, -0.11597861048046691, 0.0749762980650222, 0.00588511238014898, -0.03275555043583747, 0.033815727885950456, -0.019755067464942308, -0.08667865030151457, -0.022525696304706105, -0.09334471147293245, 0.03420390080246492, -0.03869975717757046, -0.008974377579671455, 0.00016776541185797855, -0.08727607729427685, -0.13502933616720145, 0.027238736691009707, 0.012113892294813244, -0.006376441229499305, -0.018440681678569618, -0.08054983118962784, -0.03934612429158395, 0.03957927472914809, -0.03631150877427536, -0.21230194533721627, 0.0011787720256166978, -0.132051728008194, -0.06036215764381113, 0.029993256896227116, 0.04650289947576999, 0.014996218413717774, -0.07312721258014639, 0.039036965303215196, 0.0016328045843533312, -0.048486392889542304, -0.035823890338870956, -0.022767950823254307, -0.056149675284314096, -0.11426444990181, -0.10892887015914807, -0.02114887517062805, -0.05846701672987134, -0.06047398773494292, 0.046057419190987506, -0.08672732571318652, -0.14801668710091442, -0.044068041676842556, 0.11066518341458599, -0.07905695844924589, -0.00100739273908948, 0.013328553147819472, -0.05184981614122906, 0.052725172236932114, 0.04081297423430087, -0.0032576210444005688, 0.008811278856579494, 0.008480198067823505, -0.09641859470140822, 0.03434711135672004, -0.012870473578675518, -0.14729668353170988, 0.007556330940549444, 0.005299506701136061, -0.06555466362451055, -0.04903979480719366, 0.01962464675458933, 0.041044942874502055, -0.015126436616328898]}