{"seed": 1, "beta_i": -0.5142311600079367, "beta_f": 0.028764377779971567, "t_iso": 50.0, "t_collapse": 1100.0, "rho_min": 5.388057969256875, "t_min": 900.0, "ca_final": 0.9439878250518976, "tag": "A_neg_sig20", "N": 3000, "steps": 4000, "sigma": 20.0, "arm": "beta", "dose": -0.5}