{"seed": 1, "beta_i": 0.5008898584688759, "beta_f": 0.032896474391774275, "t_iso": 50.0, "t_collapse": 1600.0, "rho_min": 5.434109746771891, "t_min": 400.0, "ca_final": 0.9397137212535026, "tag": "A_sig10", "N": 3000, "steps": 4000, "sigma": 10.0, "arm": "beta", "dose": 0.5}