{"seed": 1, "beta_i": 0.5008898584688759, "beta_f": -0.001420318018167055, "t_iso": 50.0, "t_collapse": 1100.0, "rho_min": 6.3551452970722115, "t_min": 300.0, "ca_final": 0.9166203926738985, "tag": "A_sig20", "N": 3000, "steps": 4000, "sigma": 20.0, "arm": "beta", "dose": 0.5, "pre_subcycling": true, "invalid_for_paper": "SIDM scattering under-resolved: kappa ~7x criterion, blocked_frac ~0.52"}