{"seed": 1, "beta_i": 0.5008898584688759, "beta_f": 0.0443308153940498, "t_iso": 50.0, "t_collapse": 1550.0, "rho_min": 4.881488416591699, "t_min": 750.0, "ca_final": 0.9305986597976748, "tag": "A_sig40", "N": 3000, "steps": 4000, "sigma": 40.0, "arm": "beta", "dose": 0.5, "pre_subcycling": true, "invalid_for_paper": "SIDM scattering under-resolved: kappa ~7x criterion, blocked_frac ~0.52"}