{"seed": 1, "beta_i": 0.07478670780039998, "beta_f": -0.050621468541573955, "t_iso": 50.0, "t_collapse": 650.0, "rho_min": 5.434109746771891, "t_min": 400.0, "ca_final": 0.9013070864748418, "tag": "B_lnull_s1", "N": 3000, "steps": 4000, "sigma": 20.0, "arm": "lnull", "dose": 0.8}