{"seed": 3, "beta_i": -0.05114010772994869, "beta_f": -0.011454327908792902, "t_iso": 100.0, "t_collapse": 1050.0, "rho_min": 6.078834631982115, "t_min": 750.0, "ca_final": 0.8905177181519979, "tag": "B_lnull_s3", "N": 3000, "steps": 4000, "sigma": 20.0, "arm": "lnull", "dose": 0.8}