{"seed": 2, "beta_i": -0.19386174348265867, "beta_f": 0.008100677502171583, "t_iso": 50.0, "t_collapse": 1100.0, "rho_min": 4.697281306531635, "t_min": 200.0, "ca_final": 0.8922870053692414, "tag": "B_lnull_s2", "N": 3000, "steps": 4000, "sigma": 20.0, "arm": "lnull", "dose": 0.8, "pre_subcycling": true, "invalid_for_paper": "SIDM scattering under-resolved: kappa ~7x criterion, blocked_frac ~0.52"}