{"seed": 4, "beta_i": -0.19022222871617434, "beta_f": -0.0503430094742936, "t_iso": 100.0, "t_collapse": 1400.0, "rho_min": 4.1907117538664584, "t_min": 350.0, "ca_final": 0.90110578356176, "tag": "B_lnull_s4", "N": 3000, "steps": 4000, "sigma": 20.0, "arm": "lnull", "dose": 0.8, "pre_subcycling": true, "invalid_for_paper": "SIDM scattering under-resolved: kappa ~7x criterion, blocked_frac ~0.52"}