{"seed": 5, "beta_i": -0.048649264885652785, "beta_f": -0.06205363376402445, "t_iso": NaN, "t_collapse": 1150.0, "rho_min": 5.572265079316939, "t_min": 550.0, "ca_final": 0.9571956026041633, "tag": "B_none_s5", "N": 3000, "steps": 4000, "sigma": 20.0, "arm": "none", "dose": 0.0, "pre_subcycling": true, "invalid_for_paper": "SIDM scattering under-resolved: kappa ~7x criterion, blocked_frac ~0.52"}