{"seed": 2, "beta_i": -0.1878612777677313, "beta_f": -0.06242234287061614, "t_iso": 50.0, "t_collapse": 1000.0, "rho_min": 4.7893848615616665, "t_min": 400.0, "ca_final": 0.912508491555239, "tag": "B_none_s2", "N": 3000, "steps": 4000, "sigma": 20.0, "arm": "none", "dose": 0.0, "pre_subcycling": true, "invalid_for_paper": "SIDM scattering under-resolved: kappa ~7x criterion, blocked_frac ~0.52"}