{"seed": 8, "beta_i": -0.16277356735040655, "beta_f": -0.024856874948817317, "t_iso": 400.0, "t_collapse": 1300.0, "rho_min": 3.407831536111186, "t_min": 500.0, "ca_final": 0.9317715644196217, "tag": "B_none_s8", "N": 3000, "steps": 4000, "sigma": 20.0, "arm": "none", "dose": 0.0}