{"seed": 3, "beta_i": -0.05165008577926346, "beta_f": -0.04965296972531803, "t_iso": 200.0, "t_collapse": 1100.0, "rho_min": 6.631455962162308, "t_min": 350.0, "ca_final": 0.9388016697818832, "tag": "B_none_s3", "N": 3000, "steps": 4000, "sigma": 20.0, "arm": "none", "dose": 0.0, "pre_subcycling": true, "invalid_for_paper": "SIDM scattering under-resolved: kappa ~7x criterion, blocked_frac ~0.52"}