{"seed": 7, "beta_i": -0.08250970301901983, "beta_f": 0.012421424022926453, "t_iso": 200.0, "t_collapse": 1100.0, "rho_min": 4.651229529016618, "t_min": 500.0, "ca_final": 0.9012784441334951, "tag": "B_none_s7", "N": 3000, "steps": 4000, "sigma": 20.0, "arm": "none", "dose": 0.0}