{"seed": 4, "beta_i": -0.1899583006194101, "beta_f": 0.027714302433809457, "t_iso": 50.0, "t_collapse": NaN, "rho_min": 3.1775726485361058, "t_min": 3900.0, "ca_final": 0.9506132377334531, "tag": "B_none_s4", "N": 3000, "steps": 4000, "sigma": 20.0, "arm": "none", "dose": 0.0}