{"seed": 1, "beta_i": 0.07470424156503133, "beta_f": 0.05509875962202429, "t_iso": 200.0, "t_collapse": 1150.0, "rho_min": 5.618316856831955, "t_min": 350.0, "ca_final": 0.945700534299089, "tag": "B_none_s1", "N": 3000, "steps": 4000, "sigma": 20.0, "arm": "none", "dose": 0.0}