{"seed": 6, "beta_i": -0.12469890828261679, "beta_f": -0.02290140199906128, "t_iso": 50.0, "t_collapse": 1300.0, "rho_min": 4.605177751501603, "t_min": 600.0, "ca_final": 0.8970209532629981, "tag": "B_none_s6", "N": 3000, "steps": 4000, "sigma": 20.0, "arm": "none", "dose": 0.0, "pre_subcycling": true, "invalid_for_paper": "SIDM scattering under-resolved: kappa ~7x criterion, blocked_frac ~0.52"}