{"seed": 8, "beta_i": -0.15799599851410973, "beta_f": 0.05239907387641951, "t_iso": 50.0, "t_collapse": 1400.0, "rho_min": 3.59203864617125, "t_min": 350.0, "ca_final": 0.953068364585589, "tag": "B_sham_s8", "N": 3000, "steps": 4000, "sigma": 20.0, "arm": "sham", "dose": 0.5}