{"seed": 6, "beta_i": -0.07009135600771867, "beta_f": 0.02356364205692346, "t_iso": 150.0, "t_collapse": 1100.0, "rho_min": 4.1907117538664584, "t_min": 450.0, "ca_final": 0.9204665513061248, "tag": "B_sham_s6", "N": 3000, "steps": 4000, "sigma": 20.0, "arm": "sham", "dose": 0.5}