{"seed": 2, "beta_i": -0.19702325292498662, "beta_f": 0.07207199227387304, "t_iso": 50.0, "t_collapse": 1050.0, "rho_min": 3.9604528662913783, "t_min": 300.0, "ca_final": 0.9151185693431243, "tag": "B_sham_s2", "N": 3000, "steps": 4000, "sigma": 20.0, "arm": "sham", "dose": 0.5, "pre_subcycling": true, "invalid_for_paper": "SIDM scattering under-resolved: kappa ~7x criterion, blocked_frac ~0.52"}