{"seed": 4, "beta_i": -0.07833731009772506, "beta_f": -0.13851692827601547, "t_iso": 100.0, "t_collapse": 950.0, "rho_min": 5.203850859196811, "t_min": 250.0, "ca_final": 0.9318228142176457, "tag": "B_sham_s4", "N": 3000, "steps": 4000, "sigma": 20.0, "arm": "sham", "dose": 0.5, "pre_subcycling": true, "invalid_for_paper": "SIDM scattering under-resolved: kappa ~7x criterion, blocked_frac ~0.52"}