{"seed": 7, "beta_i": -0.06243119702790621, "beta_f": 0.029867300649754056, "t_iso": 100.0, "t_collapse": 1400.0, "rho_min": 4.927540194106714, "t_min": 650.0, "ca_final": 0.9437224605146535, "tag": "B_sham_s7", "N": 3000, "steps": 4000, "sigma": 20.0, "arm": "sham", "dose": 0.5}