{"seed": 1, "beta_i": 0.07433080027179607, "beta_f": -0.007604342034641762, "t_iso": 150.0, "t_collapse": 650.0, "rho_min": 6.447248852102244, "t_min": 300.0, "ca_final": 0.8857821092407064, "tag": "B_sham_s1", "N": 3000, "steps": 4000, "sigma": 20.0, "arm": "sham", "dose": 0.5}