{"seed": 3, "beta_i": -0.03231014264632834, "beta_f": -0.012961800455076056, "t_iso": NaN, "t_collapse": NaN, "rho_min": 6.3551452970722115, "t_min": 3600.0, "ca_final": 0.890637115308632, "tag": "B_sham_s3", "N": 3000, "steps": 4000, "sigma": 20.0, "arm": "sham", "dose": 0.5}