{"seed": 5, "beta_i": -0.08715511372024999, "beta_f": 0.015254226794751177, "t_iso": 50.0, "t_collapse": 1200.0, "rho_min": 5.894627521922051, "t_min": 700.0, "ca_final": 0.929851190445425, "tag": "B_sham_s5", "N": 3000, "steps": 4000, "sigma": 20.0, "arm": "sham", "dose": 0.5, "pre_subcycling": true, "invalid_for_paper": "SIDM scattering under-resolved: kappa ~7x criterion, blocked_frac ~0.52"}