{"seed": 1, "beta_i": -0.03418869518812344, "beta_f": -0.13958690761949774, "t_iso": NaN, "t_collapse": 1300.0, "rho_min": 5.111747304166778, "t_min": 400.0, "ca_final": 0.9263938085066984, "tag": "C_N2000", "N": 2000, "steps": 4000, "sigma": 20.0, "arm": "none", "dose": 0.0, "pre_subcycling": true, "invalid_for_paper": "SIDM scattering under-resolved: kappa ~7x criterion, blocked_frac ~0.52"}