{"seed": 1, "beta_i": 0.008093775677799883, "beta_f": 0.0056306147138770885, "t_iso": NaN, "t_collapse": 1350.0, "rho_min": 5.837062800028281, "t_min": 900.0, "ca_final": 0.9383774460085027, "tag": "C_N4000", "N": 4000, "steps": 4000, "sigma": 20.0, "arm": "none", "dose": 0.0}