{"seed": 1, "beta_i": -0.018899245264273112, "beta_f": -0.011970028103875263, "t_iso": NaN, "t_collapse": 1250.0, "rho_min": 5.710420411861987, "t_min": 700.0, "ca_final": 0.9442123022041039, "tag": "C_N6000", "N": 6000, "steps": 4000, "sigma": 20.0, "arm": "none", "dose": 0.0, "pre_subcycling": true, "invalid_for_paper": "SIDM scattering under-resolved: kappa ~7x criterion, blocked_frac ~0.52"}