{"seed": 2, "beta_i": 0.027821157436097574, "beta_f": -0.04061721977323832, "t_iso": NaN, "t_collapse": 1150.0, "rho_min": 6.545108879321653, "t_min": 350.0, "ca_final": 0.950793418028074, "tag": "C_N8000_s2", "N": 8000, "steps": 4000, "sigma": 20.0, "arm": "none", "dose": 0.0}