{"seed": 1, "beta_i": -0.03385269300332194, "beta_f": -0.03889467409710286, "t_iso": NaN, "t_collapse": 1350.0, "rho_min": 5.64709921777884, "t_min": 750.0, "ca_final": 0.9689069992793912, "tag": "C_N8000", "N": 8000, "steps": 4000, "sigma": 20.0, "arm": "none", "dose": 0.0, "pre_subcycling": true, "invalid_for_paper": "SIDM scattering under-resolved: kappa ~7x criterion, blocked_frac ~0.52"}