{"seed": 1, "beta_i": 0.49574451704345013, "beta_f": 0.022210092334931625, "t_iso": 1040.0, "t_collapse": NaN, "rho_min": 5.526213301801923, "t_min": 1620.0, "ca_final": 0.6712039435182879, "beta_series": [0.3323351455545775, 0.4406764901775883, 0.3787207544205492, 0.4087443275968559, 0.4573400290170919, 0.47927086110738615, 0.4658310670427469, 0.512416698054794, 0.5172488662879093, 0.5118885612538495, 0.5951762222784519, 0.6013054704842933, 0.5722501329030296, 0.5994179118950035, 0.5487872423777023, 0.59552146388936, 0.5882540979761315, 0.47550987184771254, 0.5935371028845413, 0.4694251942195067, 0.5651424378941587, 0.5778227315313047, 0.5890623119595795, 0.5544220512388343, 0.6222066825261844, 0.6153780723534502, 0.6032990176983448, 0.6438554274869198, 0.574396572077697, 0.6349025330679279, 0.6268912598594247, 0.6064005140844879, 0.5653095586779475, 0.5653035734163403, 0.5738824408511278, 0.5760083661431635, 0.497719993833904, 0.4694041127193971, 0.5260020980364365, 0.5309069624307035, 0.4414292295800334, 0.3775479623920409, 0.38915782555488476, 0.45139750580578325, 0.4923069808210265, 0.41910821227277323, 0.4432652118760126, 0.3777555228885522, 0.3154675823166588, 0.30159034780626814, 0.30398204180424115, 0.23696638404245207, 0.35392298623525387, 0.38007331304207626, 0.4636594585557251, 0.3352305167625146, 0.33654186018518256, 0.4452123086128572, 0.3570168458214747, 0.29998697120205425, 0.30419211127339024, 0.28422677794831275, 0.3453498119504951, 0.34882890020611734, 0.22809368164495034, 0.27938939806108654, 0.234611049731492, 0.288347781020644, 0.29873190507530134, 0.1501783762365309, 0.23802595023652487, 0.19161340972715468, 0.14021349958995655, 0.25814234300180716, 0.17967264469802757, 0.1546966984260443, 0.18547105934017963, 0.30023846507906693, 0.12389569955813046, 0.13171450388293166, 0.10211692362389443, 0.18531568483380412, 0.06205104885620828, 0.13374188761459616, 0.08554469599024991, 0.18057460331771125, 0.1312367721801521, 0.10402959161231959, 0.053947459404712114, 0.0654835588025929, -0.0038165847861098834, 0.131275777132943, 0.11426881141378961, 0.11044681128398984, 0.16177197057128367, 0.12434727153344385, 0.01839055265239828, -0.007951500433208442, -0.025849245708174054, 0.022210092334931625], "t_series": [20, 40, 60, 80, 100, 120, 140, 160, 180, 200, 220, 240, 260, 280, 300, 320, 340, 360, 380, 400, 420, 440, 460, 480, 500, 520, 540, 560, 580, 600, 620, 640, 660, 680, 700, 720, 740, 760, 780, 800, 820, 840, 860, 880, 900, 920, 940, 960, 980, 1000, 1020, 1040, 1060, 1080, 1100, 1120, 1140, 1160, 1180, 1200, 1220, 1240, 1260, 1280, 1300, 1320, 1340, 1360, 1380, 1400, 1420, 1440, 1460, 1480, 1500, 1520, 1540, 1560, 1580, 1600, 1620, 1640, 1660, 1680, 1700, 1720, 1740, 1760, 1780, 1800, 1820, 1840, 1860, 1880, 1900, 1920, 1940, 1960, 1980, 2000], "rho_series": [9.210355503003205, 7.138025514827484, 7.552491512462629, 7.230129069857516, 7.87485395506774, 9.39456261306327, 9.901132165728447, 10.223494608333556, 9.072200170458157, 10.223494608333556, 10.223494608333556, 9.901132165728447, 11.052426603603847, 11.052426603603847, 9.855080388213429, 9.302459058033236, 10.039287498273493, 10.223494608333556, 9.4866661680933, 9.716925055668382, 9.762976833183398, 10.822167716028767, 10.269546385848574, 10.730064160998733, 9.716925055668382, 10.730064160998733, 10.637960605968702, 10.453753495908638, 10.637960605968702, 10.039287498273493, 10.960323048573814, 10.223494608333556, 9.901132165728447, 9.62482150063835, 9.578769723123333, 8.703785950338029, 9.62482150063835, 10.361649940878605, 9.4866661680933, 9.62482150063835, 8.749837727853045, 8.197216397672852, 7.276180847372532, 7.598543289977644, 7.552491512462629, 8.703785950338029, 7.9209057325827565, 7.5064397349476115, 8.059061065127805, 7.138025514827484, 5.710420411861987, 7.230129069857516, 6.907766627252404, 7.552491512462629, 8.197216397672852, 8.427475285247933, 9.118251947973173, 7.9209057325827565, 7.368284402402565, 7.091973737312468, 6.677507739677323, 7.552491512462629, 7.966957510097772, 7.87485395506774, 8.56563061779298, 7.690646845007676, 6.309093519557195, 6.7235595171923395, 6.493300629617259, 6.95381840476742, 6.861714849737387, 6.95381840476742, 6.769611294707356, 6.447248852102244, 6.631455962162308, 6.585404184647292, 6.5393524071322755, 6.078834631982115, 6.447248852102244, 6.493300629617259, 5.526213301801923, 5.848575744407035, 6.26304174204218, 5.80252396689202, 6.447248852102244, 6.5393524071322755, 6.26304174204218, 6.309093519557195, 6.216989964527163, 6.26304174204218, 5.756472189377003, 6.170938187012148, 6.677507739677323, 6.170938187012148, 6.677507739677323, 6.309093519557195, 6.447248852102244, 6.26304174204218, 6.032782854467099, 5.710420411861987], "tag": "D_om_grav_s1", "N": 3000, "steps": 2000, "sigma": 0.0, "arm": "om", "dose": 0.18}