{"seed": 3, "beta_i": 0.3970775628308216, "beta_f": 0.04454808108681796, "t_iso": 20.0, "t_collapse": 1280.0, "rho_min": 3.223624426051122, "t_min": 200.0, "ca_final": 0.9275100066923211, "beta_series": [-0.10330387173618966, 0.06210610979761022, -0.14237877165339743, -0.3091054701884005, 0.008928325726663175, -0.13741255657484006, 0.06562905381645594, -0.11284179297554742, -0.2734857191245785, -0.2020431235761341, -0.11732290798125405, -0.013274279305835662, -0.06895910319125878, -0.02706822030399053, -0.017388865559550493, -0.15244919416935493, -0.11333862037655726, -0.02539485793330873, -0.10644662868079403, -0.05868078605920632, -0.0728479852200778, -0.2211878583402111, -0.17652122678284615, -0.2886697604157985, -0.07497166353317034, 0.0554431563090733, -0.01158199123660933, -0.30394170780851115, -0.032716945535556374, 0.041457589610118556, -0.07275677638833379, -0.11421605403733673, -0.036907049834376204, 0.04204451822097788, -0.1841342775312163, -0.3516335268874078, -0.41506205722305745, -0.342597744324931, -0.182717216057632, -0.18129609292701, -0.010228083152720557, -0.006167152464477729, -0.023870115969909844, -0.1706880148868038, -0.02655405458755611, -0.026088103617170177, -0.06577140525389591, -0.033031164396017165, -0.01220700644172494, -0.00526367476865694, -0.03740763114613656, -0.253005863577075, -0.1438940677615077, 0.0497883584288316, 0.019908967221578575, -0.10058520534555843, 0.10116909558645654, 0.010549787778506542, -0.030449746094002667, -0.14476962399651183, -0.10504286806658243, -0.012292016573925188, -0.03177893306275442, -0.11683928238893902, -0.09777180812019945, 0.04538734201424961, -0.024049534432694752, -0.034034584177218774, -0.05965301032996602, -0.006740337610760039, -0.12182251699466676, -0.06758462222423194, -0.0031564660792397087, 0.06834226951227827, -0.026280543228161826, -0.04732155666517464, 0.009283154404057678, -0.0756669275513343, 0.030899224391307975, -0.05797519038026136, -0.0036996659073357946, -0.04797029800730164, -0.04637101956697212, -0.025148476200450604, 0.04719872084677146, 0.047167324130067204, -0.08091002439178362, -0.040178388118218875, -0.06766033328530274, 0.011065512064275917, -0.009561405858358227, -0.01928980493768888, -0.015153882525333548, 0.010008704219090045, -0.10911302699430771, -0.02588421800695291, 0.0447519550293817, 0.05246148867104322, -0.03718169302796073, 0.04454808108681796], "t_series": [20, 40, 60, 80, 100, 120, 140, 160, 180, 200, 220, 240, 260, 280, 300, 320, 340, 360, 380, 400, 420, 440, 460, 480, 500, 520, 540, 560, 580, 600, 620, 640, 660, 680, 700, 720, 740, 760, 780, 800, 820, 840, 860, 880, 900, 920, 940, 960, 980, 1000, 1020, 1040, 1060, 1080, 1100, 1120, 1140, 1160, 1180, 1200, 1220, 1240, 1260, 1280, 1300, 1320, 1340, 1360, 1380, 1400, 1420, 1440, 1460, 1480, 1500, 1520, 1540, 1560, 1580, 1600, 1620, 1640, 1660, 1680, 1700, 1720, 1740, 1760, 1780, 1800, 1820, 1840, 1860, 1880, 1900, 1920, 1940, 1960, 1980, 2000], "rho_series": [9.532717945608319, 7.552491512462629, 5.065695526651763, 4.51307419647157, 4.74333308404665, 3.914401088776362, 3.2696762035661378, 3.82229753374633, 3.407831536111186, 3.223624426051122, 3.3617797585961697, 3.59203864617125, 3.2696762035661378, 3.6841422012012823, 3.499935091141218, 3.730193978716298, 3.3617797585961697, 3.914401088776362, 4.328867086411506, 4.144659976351442, 4.374918863926522, 4.28281530889649, 4.1907117538664584, 4.605177751501603, 4.51307419647157, 4.51307419647157, 4.51307419647157, 3.8683493112613463, 3.59203864617125, 4.0065046438063945, 4.328867086411506, 4.420970641441539, 4.74333308404665, 5.157799081681795, 4.144659976351442, 4.467022418956554, 4.881488416591699, 5.295954414226842, 5.434109746771891, 5.342006191741859, 5.203850859196811, 5.434109746771891, 5.572265079316939, 6.3551452970722115, 6.078834631982115, 6.170938187012148, 5.664368634346971, 5.848575744407035, 6.401197074587227, 6.170938187012148, 6.26304174204218, 6.815663072222372, 6.124886409497131, 6.216989964527163, 6.769611294707356, 7.138025514827484, 7.5064397349476115, 8.10511284264282, 7.5064397349476115, 8.3353717302179, 8.059061065127805, 8.934044837913108, 9.39456261306327, 9.578769723123333, 9.716925055668382, 9.62482150063835, 9.532717945608319, 10.039287498273493, 10.269546385848574, 9.762976833183398, 9.947183943243461, 10.08533927578851, 10.54585705093867, 10.407701718393621, 9.39456261306327, 9.164303725488189, 10.08533927578851, 10.223494608333556, 10.868219493543782, 11.743203266329088, 11.328737268693942, 11.144530158633877, 10.361649940878605, 9.716925055668382, 10.684012383483719, 11.835306821359119, 11.927410376389151, 12.433979929054326, 11.973462153904167, 12.341876374024295, 12.433979929054326, 12.572135261599374, 12.802394149174454, 12.710290594144423, 12.203721041479247, 12.295824596509279, 12.986601259234519, 12.986601259234519, 12.61818703911439, 12.387928151539311], "tag": "D_om_sidm_s3", "N": 3000, "steps": 2000, "sigma": 20.0, "arm": "om", "dose": 0.18}