{"seed": 1, "beta_i": 0.49574451704345013, "beta_f": 0.12148114751596323, "t_iso": 20.0, "t_collapse": NaN, "rho_min": 3.2696762035661378, "t_min": 240.0, "ca_final": 0.9382276978838859, "beta_series": [0.0037840871321601494, -0.01791282023769962, 0.11373339730495323, 0.1898327142969351, 0.06464073057105507, -0.14736082641029746, -0.1291042354186542, 0.01589096218901541, -0.06398337831082385, -0.10080881452102027, -0.1958231803062448, -0.06848767237882523, -0.05477534544920601, 0.07392699117476827, -0.2357138623482801, 0.03648180512953128, -0.014364205892873155, -0.04760947108985904, -0.08051744569205246, -0.15264262153699124, 0.0006208957070045207, -0.028459117432855813, -0.23872705942006117, -0.08717044632024457, 0.03921157886933528, -0.08303338518580773, -0.07881028927382756, -0.27099665433676434, -0.027588097616599305, -0.06950591893452404, -0.04512147016435529, -0.0087864906819565, -0.004833161490736482, 0.011418031412288199, -0.017126731341892604, -0.023591001590318184, 0.012240252822578679, -0.3549537196176484, -0.1890320786153125, -0.044859045327864513, -0.08630273778540978, 0.07817392559085655, -0.06151576907804615, 0.024036246266418565, -0.01979296027377403, 0.048550189094816995, 0.13071592666474408, -0.023069888122919074, -0.130909565340183, -0.015342102052747511, 0.01598666659223777, -0.07914711007106477, -0.036127726864972315, -0.3244242965757371, 0.00831414926040236, -0.14819240803591974, -0.02180362890905292, 0.07124879067060454, -0.044622696650360075, 0.04205644960737061, -0.13976692426961435, 0.010647486558348407, -0.03010089773962328, -0.06433463350093835, -0.0812642216150272, -0.016093563453261503, -0.166793539208748, -0.3697566435980567, -0.05219562496679234, -0.03469116714260197, -0.10750324868653795, 0.12977858398703807, -0.0627103605671084, -0.14128353495336377, -0.07006767923680039, -0.12922736215764363, 0.07906171207877769, -0.0137194225200451, 0.027455687004048823, -0.07901812386408094, -0.05450624295687115, -0.0389695657288182, 0.022625568041763397, -0.09896001243829257, -0.018755065412563734, -0.07412356402571373, -0.04481656291268603, 0.08769895057567231, -0.01029551009244413, 0.10187296099949243, 0.10918049628736899, 0.003750801260326897, -0.08145852028072499, 0.01601859015813825, -0.08491984924226607, -0.03536157253226058, 0.08978498403314289, -0.09786992127167064, 0.031103109549822247, 0.12148114751596323], "t_series": [20, 40, 60, 80, 100, 120, 140, 160, 180, 200, 220, 240, 260, 280, 300, 320, 340, 360, 380, 400, 420, 440, 460, 480, 500, 520, 540, 560, 580, 600, 620, 640, 660, 680, 700, 720, 740, 760, 780, 800, 820, 840, 860, 880, 900, 920, 940, 960, 980, 1000, 1020, 1040, 1060, 1080, 1100, 1120, 1140, 1160, 1180, 1200, 1220, 1240, 1260, 1280, 1300, 1320, 1340, 1360, 1380, 1400, 1420, 1440, 1460, 1480, 1500, 1520, 1540, 1560, 1580, 1600, 1620, 1640, 1660, 1680, 1700, 1720, 1740, 1760, 1780, 1800, 1820, 1840, 1860, 1880, 1900, 1920, 1940, 1960, 1980, 2000], "rho_series": [9.62482150063835, 8.3353717302179, 6.124886409497131, 4.927540194106714, 4.559125973986586, 4.467022418956554, 4.1907117538664584, 3.499935091141218, 3.7762457562313143, 3.730193978716298, 3.7762457562313143, 3.2696762035661378, 4.0065046438063945, 4.1907117538664584, 4.144659976351442, 3.9604528662913783, 3.8683493112613463, 3.914401088776362, 4.420970641441539, 4.605177751501603, 4.835436639076683, 5.111747304166778, 5.664368634346971, 5.526213301801923, 4.9735919716217305, 4.605177751501603, 4.74333308404665, 4.420970641441539, 4.651229529016618, 5.019643749136747, 5.157799081681795, 5.295954414226842, 5.664368634346971, 5.572265079316939, 5.157799081681795, 5.111747304166778, 5.342006191741859, 5.572265079316939, 5.710420411861987, 6.032782854467099, 5.526213301801923, 5.618316856831955, 5.80252396689202, 6.677507739677323, 5.80252396689202, 5.295954414226842, 5.295954414226842, 5.618316856831955, 5.526213301801923, 5.342006191741859, 5.480161524286907, 5.9406792994370665, 6.216989964527163, 5.710420411861987, 5.111747304166778, 6.032782854467099, 6.3551452970722115, 7.552491512462629, 7.552491512462629, 7.598543289977644, 7.690646845007676, 7.5064397349476115, 8.013009287612789, 7.276180847372532, 7.782750400037708, 7.828802177552724, 7.9209057325827565, 7.368284402402565, 7.5064397349476115, 7.736698622522693, 7.460387957432596, 7.1840772923425, 6.585404184647292, 6.5393524071322755, 7.1840772923425, 7.322232624887548, 7.782750400037708, 8.013009287612789, 8.795889505368061, 8.611682395307996, 8.657734172823012, 8.243268175187868, 8.473527062762948, 8.3353717302179, 8.473527062762948, 8.3353717302179, 7.230129069857516, 6.907766627252404, 6.861714849737387, 7.9209057325827565, 8.473527062762948, 7.736698622522693, 7.64459506749266, 7.552491512462629, 6.769611294707356, 6.447248852102244, 7.230129069857516, 7.322232624887548, 7.5064397349476115, 7.552491512462629], "tag": "D_om_sidm_s1", "N": 3000, "steps": 2000, "sigma": 20.0, "arm": "om", "dose": 0.18, "pre_subcycling": true, "invalid_for_paper": "SIDM scattering under-resolved: kappa ~7x criterion, blocked_frac ~0.52"}