{"seed": 1, "beta_i": 0.3104488240815809, "beta_f": -0.00011890290545089888, "t_iso": 20.0, "t_collapse": 1280.0, "rho_min": 3.499935091141218, "t_min": 240.0, "ca_final": 0.9231551187021179, "beta_series": [0.01977889786900186, -0.015590586377983717, -0.2267538426653583, -0.04521469468881159, -0.04016654206506694, 0.0480974421794375, -0.062133709929506536, -0.0362532604646314, 0.07227660227533879, 0.0013809735990514826, 0.05193969357550854, -0.259302701740843, -0.021260061817486894, 0.02036790231116266, -0.15464467365038786, 0.015608610613292703, 0.12417937134999661, -0.28713749062145233, 0.03864585288167012, -0.06096378328266998, -0.09006186082969994, -0.11663933616081927, -0.2157794637279351, -0.12549325856087393, -0.3337341255407425, 0.03201776352811171, 0.011566259293898595, 0.07442299827634936, -0.165620009842471, 0.07008454191337592, -0.004784082738454223, 0.063660153239975, -0.008695563385098679, 0.028280462234515594, -0.2174725151644306, 0.0019499801084558038, -0.017119748405693525, -0.10672718748077639, -0.07144795318390186, -0.003869528451386814, -0.010669603546540826, -0.19353338120008887, -0.07694527374792837, -0.07601578169701632, 0.0715748323351824, 0.10424377844917924, 0.06195457638739339, -0.09507381735156523, 0.00748821179245357, -0.09681797600558151, 0.018364933862997118, -0.16696649179945422, -0.2847701517826965, 0.08378917762732514, -0.20604269430948408, -0.0301891253530482, 0.10280971614319245, 0.13247646606467015, -0.16840516441434128, -0.2042127408723694, -0.05634417664146554, -0.07091058580866316, 0.019315161179267903, -0.10419824497963878, -0.057513477536404234, 0.0021984896417266697, -0.11140047920462322, -0.14187393336370066, 0.0817458359732438, -0.012182768480370407, 0.0033553314836027026, -0.00881387445635444, -0.18092314878859436, 0.002184302642809652, 0.034188494514429846, 0.027530568990817267, -0.035416440775784694, -0.07823115193606096, -0.0301089222133136, -0.0168274360238274, -0.049830603391205944, 0.06742124408196834, 0.010272139793358948, 0.016489153943362353, 0.0018380527479019138, -0.12832162481414505, -0.03022639233280819, 0.022960138517528997, -0.018059908915626796, 0.0597100358821059, -0.04478729515047852, -0.02020638564341949, -0.06438259365812384, -0.1702091685038026, -0.09059629888503311, 0.04032534193197791, -0.060294471161515595, -0.03618987634693718, -0.00452824773780694, -0.00011890290545089888], "t_series": [20, 40, 60, 80, 100, 120, 140, 160, 180, 200, 220, 240, 260, 280, 300, 320, 340, 360, 380, 400, 420, 440, 460, 480, 500, 520, 540, 560, 580, 600, 620, 640, 660, 680, 700, 720, 740, 760, 780, 800, 820, 840, 860, 880, 900, 920, 940, 960, 980, 1000, 1020, 1040, 1060, 1080, 1100, 1120, 1140, 1160, 1180, 1200, 1220, 1240, 1260, 1280, 1300, 1320, 1340, 1360, 1380, 1400, 1420, 1440, 1460, 1480, 1500, 1520, 1540, 1560, 1580, 1600, 1620, 1640, 1660, 1680, 1700, 1720, 1740, 1760, 1780, 1800, 1820, 1840, 1860, 1880, 1900, 1920, 1940, 1960, 1980, 2000], "rho_series": [9.072200170458157, 7.966957510097772, 6.032782854467099, 5.065695526651763, 4.605177751501603, 3.82229753374633, 4.0065046438063945, 4.236763531381474, 4.467022418956554, 3.82229753374633, 4.0065046438063945, 3.499935091141218, 4.098608198836426, 5.111747304166778, 5.388057969256875, 4.697281306531635, 4.374918863926522, 4.651229529016618, 4.927540194106714, 4.7893848615616665, 4.1907117538664584, 4.28281530889649, 4.144659976351442, 4.1907117538664584, 4.236763531381474, 4.697281306531635, 5.249902636711827, 5.480161524286907, 5.249902636711827, 5.80252396689202, 5.664368634346971, 4.7893848615616665, 4.559125973986586, 4.881488416591699, 4.881488416591699, 5.342006191741859, 4.697281306531635, 4.7893848615616665, 4.835436639076683, 5.019643749136747, 5.203850859196811, 5.342006191741859, 5.249902636711827, 5.342006191741859, 5.618316856831955, 5.111747304166778, 5.065695526651763, 4.559125973986586, 5.157799081681795, 5.526213301801923, 5.526213301801923, 6.677507739677323, 6.124886409497131, 7.091973737312468, 7.322232624887548, 7.460387957432596, 7.368284402402565, 7.598543289977644, 7.64459506749266, 8.151164620157836, 8.519578840277966, 8.473527062762948, 8.427475285247933, 9.256407280518221, 9.4866661680933, 8.934044837913108, 8.841941282883077, 8.519578840277966, 9.440614390578284, 10.08533927578851, 11.00637482608883, 10.08533927578851, 10.407701718393621, 9.993235720758477, 10.684012383483719, 10.914271271058798, 11.190581936148895, 11.512944378754005, 11.374789046208958, 11.558996156269023, 11.00637482608883, 11.190581936148895, 12.065565708934198, 11.60504793378404, 11.190581936148895, 11.651099711299054, 11.881358598874133, 12.480031706569344, 12.15766926396423, 11.927410376389151, 12.065565708934198, 12.295824596509279, 13.124756591779567, 13.262911924324616, 12.52608348408436, 11.558996156269023, 12.295824596509279, 13.262911924324616, 12.75634237165944, 12.341876374024295], "tag": "D_om_weak_s1", "N": 3000, "steps": 2000, "sigma": 20.0, "arm": "om", "dose": 0.3}