{"seed": 1, "beta_i": 0.5677007360980695, "beta_f": 0.05707063253788343, "t_iso": 20.0, "t_collapse": 1320.0, "rho_min": 2.8552102059309936, "t_min": 240.0, "ca_final": 0.934900853266878, "beta_series": [-0.16673697521334266, -0.00971811683969194, 0.030877183895155674, -0.055784696947327114, 0.05729642688157706, 0.0493039381601479, 0.01294672701386114, -0.18290696001259849, -0.36216480835219744, -0.02378677955813123, -0.14477306147132868, -0.21361565845213187, -0.13264697966568367, 0.02901103954639142, -0.25942611607651933, -0.06398470621273179, -0.0744426642894603, -0.12289673746966219, -0.026690146819826635, -0.00636709107316806, -0.18829697334760792, -0.03725286826413189, -0.06830283193250197, -0.04130566078664459, -0.11110212023002633, 0.06871975284414712, -0.0789401581707806, -0.3082760269432223, -0.04403620966405955, -0.06495115045099717, -0.12715121410471547, -0.05223511019821524, -0.053232258242715005, -0.09798938483947359, -0.08147382732499421, 0.02617509969101872, -0.09397384383328158, 0.0374596812091411, 0.0036300776656956607, 0.06693286866350076, 0.05976546412222575, 0.036074701362587544, -0.032825665410931196, 0.018624039329322675, 0.09939143404128253, 0.0628357757028126, -0.024999926652422108, 0.015636726429134454, 0.011735724467779748, -0.11860269357715571, -0.16748324594803043, -0.06639254984060297, -0.26495720327022404, 0.00836532564194907, -0.00989587087663052, -0.08335688899460254, 0.05006413731471107, -0.06561230506838772, -0.10254166580692296, 0.06282724272169232, 0.036492031744492365, 0.06962223920495213, -0.26219393005154884, -0.00516600357593773, -0.12700915578649113, 0.010167820416991186, -0.04513553534965967, 0.0194604064960594, -0.13819055017062537, 0.03304017295899443, -0.02193548241200921, -0.11685748127163313, 0.008907498878323261, 0.04855276553328028, -0.017172201687656555, 0.007952501418396818, -0.057188462377232324, 0.0805975064024898, 0.027731208260081047, -0.043442212661171875, 0.09616635360194062, -0.12332772244115595, -0.14752466680165863, 0.01685811442767239, -0.003896629179921507, 0.10871935001953512, -0.018569849822910364, 0.023472383720396256, -0.18682767245729814, 0.04082805953462659, 0.017265791678134426, 0.12899439546308344, -0.02019811307390197, -0.07280300461680217, 0.0018299407856569444, -0.02919414650460976, 0.06306823803595642, 0.10027157133371925, 0.11979331887443477, 0.05707063253788343], "t_series": [20, 40, 60, 80, 100, 120, 140, 160, 180, 200, 220, 240, 260, 280, 300, 320, 340, 360, 380, 400, 420, 440, 460, 480, 500, 520, 540, 560, 580, 600, 620, 640, 660, 680, 700, 720, 740, 760, 780, 800, 820, 840, 860, 880, 900, 920, 940, 960, 980, 1000, 1020, 1040, 1060, 1080, 1100, 1120, 1140, 1160, 1180, 1200, 1220, 1240, 1260, 1280, 1300, 1320, 1340, 1360, 1380, 1400, 1420, 1440, 1460, 1480, 1500, 1520, 1540, 1560, 1580, 1600, 1620, 1640, 1660, 1680, 1700, 1720, 1740, 1760, 1780, 1800, 1820, 1840, 1860, 1880, 1900, 1920, 1940, 1960, 1980, 2000], "rho_series": [8.381423507732917, 6.999870182282436, 5.111747304166778, 3.9604528662913783, 4.05255642132141, 4.236763531381474, 3.8683493112613463, 3.0394173159910576, 3.1775726485361058, 3.453883313626202, 2.993365538476042, 2.8552102059309936, 3.407831536111186, 3.315727981081154, 4.05255642132141, 3.8683493112613463, 4.374918863926522, 4.605177751501603, 4.328867086411506, 4.927540194106714, 4.236763531381474, 4.328867086411506, 4.559125973986586, 4.697281306531635, 5.065695526651763, 5.295954414226842, 4.420970641441539, 4.697281306531635, 5.019643749136747, 4.9735919716217305, 5.249902636711827, 5.664368634346971, 4.74333308404665, 5.065695526651763, 4.74333308404665, 4.651229529016618, 4.881488416591699, 5.342006191741859, 5.249902636711827, 5.434109746771891, 5.249902636711827, 5.203850859196811, 5.848575744407035, 5.986731076952084, 6.032782854467099, 5.756472189377003, 5.295954414226842, 5.111747304166778, 5.065695526651763, 5.756472189377003, 5.664368634346971, 5.480161524286907, 6.677507739677323, 7.091973737312468, 6.861714849737387, 7.091973737312468, 7.782750400037708, 6.631455962162308, 6.216989964527163, 6.3551452970722115, 5.848575744407035, 6.26304174204218, 6.769611294707356, 7.322232624887548, 7.966957510097772, 8.381423507732917, 8.657734172823012, 8.703785950338029, 8.980096615428126, 8.657734172823012, 8.657734172823012, 8.381423507732917, 8.151164620157836, 9.4866661680933, 9.762976833183398, 10.499805273423654, 10.08533927578851, 9.670873278153366, 9.4866661680933, 9.901132165728447, 9.62482150063835, 11.052426603603847, 12.111617486449216, 10.822167716028767, 11.282685491178926, 10.868219493543782, 11.328737268693942, 10.54585705093867, 10.822167716028767, 10.960323048573814, 11.282685491178926, 11.23663371366391, 11.374789046208958, 12.52608348408436, 12.61818703911439, 12.203721041479247, 12.802394149174454, 13.032653036749537, 12.065565708934198, 11.927410376389151], "tag": "D_om_strong_s1", "N": 3000, "steps": 2000, "sigma": 20.0, "arm": "om", "dose": 0.15, "pre_subcycling": true, "invalid_for_paper": "SIDM scattering under-resolved: kappa ~7x criterion, blocked_frac ~0.52"}