{"seed": 2, "beta_i": 0.3080378239640112, "beta_f": -0.033246886561276084, "t_iso": 20.0, "t_collapse": 1500.0, "rho_min": 1.1052426603603847, "t_min": 220.0, "ca_final": 0.8975633322427553, "beta_series": [-0.08148627365115388, 0.0311850158382376, -0.035185502234330604, -0.0311814280704118, -0.06463841636854513, 0.04834473541524832, 0.07540212835137071, -0.06979303493047456, -0.35196603714613306, -0.12274870833907053, 0.1722536555576213, -0.5281422626772276, -4.1836554866985445, -0.05881820299268403, 0.13981806970879124, -0.07619510322616535, 0.10506274322176166, -0.07514610698138866, -0.235970108973456, -0.0846762728843741, -0.2017094095388573, 0.08854917961794784, 0.05100280521726075, -0.18541476426377354, -0.01029275845774015, -0.01323851813312267, -0.11965344433662506, -0.2765753863398297, -0.03681562508098017, -0.0774550989002324, 0.05450322135323911, 0.10995916053054407, -0.049141287122343474, 0.0479259654482473, -0.09429552515049643, 0.025081506911153642, -0.22118836026824187, -0.013936704490356833, -0.14156872240325172, -0.08802299250145819, -0.2017006581049709, -0.09267067808301058, -0.05958523333317327, 0.08607018413471386, -0.22693098929524208, -0.22717595303394142, 0.015968068651716266, -0.19986657173400518, -0.11959174257099361, -0.033886895967755654, -0.005646291658329278, -0.05454193811120428, -0.21077908756163308, -0.10589673041277473, 0.03136102547417777, -0.040487397921157395, 0.07923782606042373, -0.18287590545288007, -0.03508658682529922, -0.09440536201881093, 0.046559248788581475, -0.028033793889510314, -0.12306670962675585, -0.031505289820951285, -0.07037520279553036, -0.09905015704310033, -0.04074915353885837, 0.08265476052387108, -0.010761221017137612, 0.05015910820582757, 0.02335618477343046, -0.09535824712992634, 0.13920710095791955, 0.02547727409505153, 0.0015671387104943119, -0.06858729589603418, -0.04029294447111141, 0.04881287126720574, -0.08639835470857776, -0.09593807988605779, 0.01271653713727633, -0.05424782824581445, -0.03678675109707842, -0.033709156760049624, 0.009598078464093454, -0.17643293217637057, 0.04114113607327438, 0.09351923140837587, 0.09671520160189252, -0.1968164954402773, -0.13179059251405978, -0.0035994697873235337, -0.1625767290608497, -0.11710510112532999, 0.0518268195869387, -0.02330934736952811, 0.06258268634266964, -0.10355917680188835, -0.08702530104095539, -0.033246886561276084], "t_series": [20, 40, 60, 80, 100, 120, 140, 160, 180, 200, 220, 240, 260, 280, 300, 320, 340, 360, 380, 400, 420, 440, 460, 480, 500, 520, 540, 560, 580, 600, 620, 640, 660, 680, 700, 720, 740, 760, 780, 800, 820, 840, 860, 880, 900, 920, 940, 960, 980, 1000, 1020, 1040, 1060, 1080, 1100, 1120, 1140, 1160, 1180, 1200, 1220, 1240, 1260, 1280, 1300, 1320, 1340, 1360, 1380, 1400, 1420, 1440, 1460, 1480, 1500, 1520, 1540, 1560, 1580, 1600, 1620, 1640, 1660, 1680, 1700, 1720, 1740, 1760, 1780, 1800, 1820, 1840, 1860, 1880, 1900, 1920, 1940, 1960, 1980, 2000], "rho_series": [7.368284402402565, 5.894627521922051, 4.098608198836426, 2.8552102059309936, 2.2104853207207693, 1.611812213025561, 1.796019323085625, 1.8881228781156572, 1.4736568804805128, 1.565760435510545, 1.1052426603603847, 1.3355015479354648, 1.9802264331456891, 2.026278210660705, 2.3025888757508013, 2.4407442082958495, 2.5328477633258815, 2.7170548733859454, 3.13152087102109, 3.82229753374633, 3.638090423686266, 3.223624426051122, 3.085469093506074, 3.1775726485361058, 3.085469093506074, 3.315727981081154, 3.1775726485361058, 3.3617797585961697, 3.499935091141218, 3.6841422012012823, 4.144659976351442, 4.144659976351442, 4.9735919716217305, 4.098608198836426, 3.499935091141218, 3.8683493112613463, 3.914401088776362, 3.6841422012012823, 3.9604528662913783, 3.7762457562313143, 3.223624426051122, 3.499935091141218, 3.8683493112613463, 4.0065046438063945, 3.730193978716298, 3.638090423686266, 3.2696762035661378, 3.1775726485361058, 3.730193978716298, 3.914401088776362, 3.8683493112613463, 4.1907117538664584, 5.157799081681795, 5.295954414226842, 5.572265079316939, 5.710420411861987, 5.249902636711827, 5.249902636711827, 5.065695526651763, 5.434109746771891, 5.572265079316939, 5.526213301801923, 5.80252396689202, 6.124886409497131, 5.848575744407035, 6.26304174204218, 5.986731076952084, 5.526213301801923, 5.756472189377003, 6.124886409497131, 6.401197074587227, 7.230129069857516, 6.861714849737387, 7.1840772923425, 7.690646845007676, 7.782750400037708, 7.598543289977644, 6.861714849737387, 6.585404184647292, 6.815663072222372, 6.7235595171923395, 7.460387957432596, 7.1840772923425, 6.769611294707356, 6.3551452970722115, 6.170938187012148, 6.124886409497131, 6.861714849737387, 6.907766627252404, 7.138025514827484, 6.170938187012148, 5.572265079316939, 5.756472189377003, 5.848575744407035, 6.861714849737387, 6.95381840476742, 7.230129069857516, 7.41433617991758, 7.368284402402565, 7.41433617991758], "tag": "D_om_sidm_s2", "N": 3000, "steps": 2000, "sigma": 20.0, "arm": "om", "dose": 0.18, "pre_subcycling": true, "invalid_for_paper": "SIDM scattering under-resolved: kappa ~7x criterion, blocked_frac ~0.52"}