{"seed": 1, "beta_i": 0.5008898584688759, "beta_f": 0.030371187064131305, "t_iso": 20.0, "t_collapse": 1100.0, "rho_min": 6.216989964527163, "t_min": 280.0, "ca_final": 0.9349427204556255, "beta_series": [-0.04333410211670352, 0.040073039282371506, -0.056444216420268645, -0.10830359701781474, -0.07555463175536417, -0.1152606945391757, 0.0745167881173778, 0.027346051510583627, 0.0031455571284045164, -0.07263313790154684, -0.035734031419691684, -0.05038579823320302, -0.03808858327004026, -0.0941395136871617, -0.004294698680786149, -0.0007112115133298541, 0.09633384698791493, 0.14682480704425965, -0.24708295747518433, 0.04468857992557343, -0.005624895085232173, -0.14566436909747255, -0.05038411103115868, 0.016053971521073254, 0.03332210611426374, -0.023645242783451287, -0.04998507153134939, 0.03548943025062644, 0.039759395405175535, -0.0782286470442659, 0.03311401143573682, -0.15743815821625526, 0.008843292641540684, -0.05284758584196343, -0.05745541904546786, -0.08640802184019823, 0.025141661609410004, 0.009805905662108497, 0.07573413779810145, -0.07591161151960256, 0.0334293641889465, 0.015854993505097545, 0.03990320760091362, -0.18162789542362587, -0.07149261802677172, -0.17151461666862045, -0.05064089096037551, -0.18083794375410164, 0.0016600725112288633, 0.018433994104825935, -0.004531413746028987, 0.062425374474206125, 0.01198596100150906, -0.026294699048216727, 0.06757654319010177, -0.004415694962511735, 0.005666208225199296, -0.07769340428719257, -0.1343058006579837, -0.1410387631439868, 0.013353832930808412, -0.04772588353884741, -0.01002089230126152, -0.1581314761654687, -0.02757780540981121, -0.18767012907628194, 0.15193663092448056, 0.0317269832666473, 0.04652129627700953, -0.06970060926809876, -0.07374724313334773, -0.11544112825258557, 0.049921596712851166, -0.012335948680303618, -0.03984534004167663, -0.08224244980923577, -0.022855051678984176, -0.05640754093361931, -0.09319010864634655, 0.01898084226240236, -0.05602819713408608, 0.012611696726499255, -0.04359876558625732, -0.02758638758099817, -0.15200163890446805, -0.001273644277691846, -0.02768441634373954, 0.007460220036535084, 0.012327270586989597, 0.12471726596360931, -0.07426463919575776, 1.31821052884451e-06, -0.07692441464981609, -0.18435523536959542, -0.037327401809057956, -0.05389146653392089, 0.09435550529942541, 0.019176273969401414, -0.0007848678255097941, 0.030371187064131305], "t_series": [20, 40, 60, 80, 100, 120, 140, 160, 180, 200, 220, 240, 260, 280, 300, 320, 340, 360, 380, 400, 420, 440, 460, 480, 500, 520, 540, 560, 580, 600, 620, 640, 660, 680, 700, 720, 740, 760, 780, 800, 820, 840, 860, 880, 900, 920, 940, 960, 980, 1000, 1020, 1040, 1060, 1080, 1100, 1120, 1140, 1160, 1180, 1200, 1220, 1240, 1260, 1280, 1300, 1320, 1340, 1360, 1380, 1400, 1420, 1440, 1460, 1480, 1500, 1520, 1540, 1560, 1580, 1600, 1620, 1640, 1660, 1680, 1700, 1720, 1740, 1760, 1780, 1800, 1820, 1840, 1860, 1880, 1900, 1920, 1940, 1960, 1980, 2000], "rho_series": [9.532717945608319, 9.348510835548254, 8.519578840277966, 8.841941282883077, 9.256407280518221, 8.657734172823012, 8.381423507732917, 8.151164620157836, 7.64459506749266, 7.138025514827484, 7.5064397349476115, 6.999870182282436, 6.7235595171923395, 6.216989964527163, 6.3551452970722115, 6.677507739677323, 6.815663072222372, 7.1840772923425, 6.861714849737387, 6.493300629617259, 6.631455962162308, 6.216989964527163, 6.585404184647292, 6.309093519557195, 6.5393524071322755, 7.091973737312468, 7.322232624887548, 7.87485395506774, 7.368284402402565, 7.276180847372532, 6.5393524071322755, 6.861714849737387, 7.1840772923425, 7.322232624887548, 6.95381840476742, 8.013009287612789, 7.045921959797451, 6.861714849737387, 7.322232624887548, 7.41433617991758, 7.9209057325827565, 7.782750400037708, 8.059061065127805, 8.151164620157836, 7.828802177552724, 6.7235595171923395, 7.552491512462629, 7.552491512462629, 7.091973737312468, 7.368284402402565, 8.10511284264282, 8.519578840277966, 9.302459058033236, 9.164303725488189, 10.08533927578851, 9.164303725488189, 10.039287498273493, 10.08533927578851, 10.407701718393621, 10.223494608333556, 8.795889505368061, 8.795889505368061, 8.56563061779298, 8.3353717302179, 7.782750400037708, 8.197216397672852, 8.473527062762948, 8.473527062762948, 8.841941282883077, 9.302459058033236, 9.578769723123333, 9.947183943243461, 9.716925055668382, 9.348510835548254, 9.578769723123333, 10.269546385848574, 10.637960605968702, 11.835306821359119, 12.019513931419182, 12.15766926396423, 12.15766926396423, 11.190581936148895, 11.282685491178926, 10.730064160998733, 11.558996156269023, 12.802394149174454, 12.52608348408436, 12.15766926396423, 11.558996156269023, 12.065565708934198, 12.111617486449216, 11.881358598874133, 11.789255043844102, 12.664238816629407, 13.447119034384679, 14.13789569710992, 14.82867235983516, 14.966827692380209, 14.73656880480513, 15.197086579955288], "tag": "D_rot_sidm_s1", "N": 3000, "steps": 2000, "sigma": 20.0, "arm": "beta", "dose": 0.5}