{"seed": 1, "beta_i": 0.5008898584688759, "beta_f": 0.22966657620246372, "t_iso": 20.0, "t_collapse": 1440.0, "rho_min": 8.013009287612789, "t_min": 1060.0, "ca_final": 0.9179855812331978, "beta_series": [0.19979789423279012, 0.212477018580426, 0.23396334518780287, 0.26389340180605225, 0.37318146795163365, 0.31586953571845705, 0.30077696694655054, 0.32116674995645256, 0.31903790842577134, 0.3293383652999116, 0.2844900351539395, 0.2712651240853634, 0.20552344952043888, 0.12008695704075742, 0.26909208644360083, 0.26648033487991407, 0.3360972449693026, 0.2022716008629465, 0.14848193744505736, 0.20819249264044754, 0.2948715601526908, 0.2830759679119603, 0.17537072150877558, 0.21525030274235596, 0.2395388087368107, 0.24681438568641834, 0.17635497788772436, 0.3011355011465712, 0.3192226758394806, 0.17326303522555309, 0.21383915928331604, 0.2502103742271652, 0.26517314139515785, 0.24265245918749306, 0.20989878654456362, 0.24949905349056595, 0.21069455874758503, 0.2826986991451931, 0.2799119172612529, 0.18422774619035334, 0.25318906680270437, 0.20811839536363447, 0.16458834471431336, 0.22546277936631684, 0.271553166118426, 0.23693172385566563, 0.1368060252456641, 0.07210884399612386, 0.1696963230929851, 0.16922914714773457, 0.10143892060275365, 0.18778860088834776, 0.18925030432262557, 0.20627885152533254, 0.21831160216436807, 0.1969348132081989, 0.1512024672643386, 0.201657549976368, 0.20904832454892996, 0.1873548887302257, 0.22664613699038033, 0.10809785923664277, 0.18392148630368355, 0.22283028468960903, 0.16959611290688786, 0.04997168764865517, 0.06860129056829678, 0.1585825555953182, 0.020511314624122798, 0.142968051545164, 0.22314641706669142, 0.1914841127070253, 0.20923977597638743, 0.10659168719414629, 0.12730184845272458, 0.21518677588098295, 0.23505255910854211, 0.2019642392019026, 0.0723881410587456, 0.25232224839449025, 0.15891568505385154, 0.21756312049330653, 0.20609565896640752, 0.17730058782766966, 0.1547218427537469, 0.030488796638322505, 0.27290533513495807, 0.14186672831522235, 0.21802037132681035, 0.23055977983245884, 0.20625178718833576, 0.26891738611639937, 0.16883976343001658, 0.09542317919652997, 0.16597052761469827, 0.2666427346501167, 0.07963736843031748, 0.20268626672849172, 0.22591830500577986, 0.22966657620246372], "t_series": [20, 40, 60, 80, 100, 120, 140, 160, 180, 200, 220, 240, 260, 280, 300, 320, 340, 360, 380, 400, 420, 440, 460, 480, 500, 520, 540, 560, 580, 600, 620, 640, 660, 680, 700, 720, 740, 760, 780, 800, 820, 840, 860, 880, 900, 920, 940, 960, 980, 1000, 1020, 1040, 1060, 1080, 1100, 1120, 1140, 1160, 1180, 1200, 1220, 1240, 1260, 1280, 1300, 1320, 1340, 1360, 1380, 1400, 1420, 1440, 1460, 1480, 1500, 1520, 1540, 1560, 1580, 1600, 1620, 1640, 1660, 1680, 1700, 1720, 1740, 1760, 1780, 1800, 1820, 1840, 1860, 1880, 1900, 1920, 1940, 1960, 1980, 2000], "rho_series": [10.269546385848574, 11.190581936148895, 10.269546385848574, 10.039287498273493, 10.407701718393621, 10.684012383483719, 10.637960605968702, 10.914271271058798, 11.098478381118863, 11.190581936148895, 11.743203266329088, 10.77611593851375, 9.670873278153366, 9.947183943243461, 8.657734172823012, 8.980096615428126, 9.256407280518221, 9.670873278153366, 9.901132165728447, 9.901132165728447, 10.131391053303526, 10.684012383483719, 11.052426603603847, 11.052426603603847, 10.499805273423654, 10.039287498273493, 10.730064160998733, 9.993235720758477, 10.269546385848574, 10.453753495908638, 10.453753495908638, 9.809028610698412, 9.02614839294314, 10.08533927578851, 10.31559816336359, 11.190581936148895, 11.00637482608883, 9.532717945608319, 9.532717945608319, 9.993235720758477, 9.993235720758477, 10.499805273423654, 10.77611593851375, 10.407701718393621, 10.499805273423654, 9.901132165728447, 9.670873278153366, 10.499805273423654, 9.716925055668382, 9.164303725488189, 8.841941282883077, 8.427475285247933, 8.013009287612789, 8.427475285247933, 8.657734172823012, 8.980096615428126, 9.62482150063835, 9.302459058033236, 9.02614839294314, 9.440614390578284, 9.02614839294314, 9.256407280518221, 9.578769723123333, 8.795889505368061, 8.611682395307996, 9.02614839294314, 8.703785950338029, 8.10511284264282, 8.980096615428126, 10.08533927578851, 9.993235720758477, 10.453753495908638, 10.730064160998733, 9.993235720758477, 9.164303725488189, 9.02614839294314, 8.56563061779298, 9.440614390578284, 10.177442830818542, 9.302459058033236, 10.039287498273493, 9.762976833183398, 9.947183943243461, 10.591908828453684, 10.54585705093867, 10.269546385848574, 9.256407280518221, 10.223494608333556, 9.578769723123333, 10.131391053303526, 10.453753495908638, 9.164303725488189, 9.210355503003205, 9.532717945608319, 9.164303725488189, 8.3353717302179, 9.762976833183398, 10.131391053303526, 10.453753495908638, 9.947183943243461], "tag": "D_rot_grav_s1", "N": 3000, "steps": 2000, "sigma": 0.0, "arm": "beta", "dose": 0.5}