{"seed": 2, "beta_i": -0.1878612777677313, "beta_f": -0.06242234287061614, "t_iso": 20.0, "t_collapse": 1060.0, "rho_min": 4.7893848615616665, "t_min": 400.0, "ca_final": 0.912508491555239, "beta_series": [-0.014836711074160402, -0.06392026773877942, -0.23328377263533365, -0.014475494244960849, 0.04292391005391631, 0.015472115723790286, -0.11705284620654309, 0.07751057846943782, -0.03920395303664717, -0.06454924195232907, -0.08290686012428769, -0.029466899428992985, -0.20905580879838132, 0.013461341484678188, -0.08080757131953964, -0.04299277052556112, -0.17863688589325794, 0.023243902718694406, -0.06288233178962034, -0.21044910627350316, 0.016347740253597906, -0.04397469627535948, -0.05694247170568936, 0.07764660032421866, -0.13380461453689585, -0.22550213098219274, -0.012425987041963696, -0.014397563966180055, 0.03691760731910157, -0.15335623612119142, -0.0643937325470267, -0.0929189486614816, -0.11468401067655075, -0.1508137050877571, 0.028488455468078794, -0.07765397424483472, 0.028722688203020028, -0.017882807347212953, 0.026569507668465706, 0.0028035563909329514, 0.09596410675795887, -0.11891495527903446, -0.1615788854580939, -0.08706768050849767, 0.02562677598725821, 0.041133964563003764, -0.3679236098762359, 0.11882947634821868, 0.06371579590631321, -0.08547673735207396, 0.032410960823257534, -0.011660807238736706, -0.05860811952366145, -0.04407088642597891, -0.06579052552515227, 0.11507152108388408, -0.13199310513004425, 0.03887408884101129, -0.21689370634133848, -0.15434468845378596, -0.10582034670285186, -0.026986778430595063, -0.03568734266269183, -0.09054366027437245, -0.1676269373365442, -0.11170340448716506, -0.03648683959552876, -0.11900485849738886, -0.10884304921107738, -0.08156380414079102, -0.1918443106699818, -0.14633156994157354, -0.018026406586862234, 0.018003869897511154, -0.14369903663723632, -0.045367321510046535, -0.03210673714249786, -0.029086477697702784, -0.09967407182963402, 0.038939962883663484, -0.09609301681059684, -0.06417427442423829, -0.07984529250811234, 0.10955157416846067, -0.030936287945593874, -0.015285223239222281, 0.0776101146904638, -0.04845233894703084, 0.06846814250702382, -0.01896441946096769, -0.08074278431683679, 0.06533714119068879, -0.036470448326408667, 0.017999373104447436, -0.025579339561122752, -0.057328142865316886, -0.1011400261393277, -0.04298062659979199, -0.04023684639595557, 0.024028077275895204, -0.0997096325798793, -0.09521367051679615, -0.07148455159671861, 0.06387575254106122, 0.0057610547402093815, -0.10995521733702054, -0.07911233270935285, -0.13087473097923047, 0.03545686629945491, -0.004604742711617663, -0.042055814963485275, -0.015652888617081598, -0.08569246379404195, 4.0327117150837366e-05, -0.13226662175424458, -0.04518908707474213, -0.004082843796273869, -0.012328271754268844, -0.011589650223023273, -0.06381206554323718, 0.02316627704641601, -0.02165274426310261, -0.018043903344302295, -0.09395273603220199, -0.027306295825501897, 0.008737671618453707, 0.038067302034518816, -0.05365459015127021, 0.02901692399067242, -0.04392853825486509, -0.051916610229584104, -0.047624426943343914, 0.021706299259241793, 0.06800404286134511, -0.013165034840151815, -0.06726755985592145, -0.12949137103406494, -0.026781824139872457, 0.023921696223327973, -0.012429714924738655, -0.0012392898569095895, 0.026432027264635713, 0.05456009122761887, -0.05782390136963403, -0.01093475437805251, -0.001494446975970315, 0.04493483948035845, -0.06986856208143694, -0.152510244559251, 0.028199558236958244, 0.018379240859666898, -0.10320695418043571, 0.010738028729357904, -0.08895555901498749, -0.11366641037562845, 0.007461431933229221, -0.06895550233143002, -0.08280792423161659, 0.015112467025726745, 0.051135186488598494, 0.035866699619495374, 0.05169013296743147, -0.0708416060967611, -0.08871091246245467, -0.06547132607204201, -0.06119144597737396, -0.115210390460199, 0.07752064681502305, 0.022730517338447387, -0.02432667399718015, 0.06782342125629652, -0.07073263134318018, -0.06833576537829981, 0.02581243559466341, 0.012671088790839086, -0.06644295151519858, -0.09674470035517002, -0.020774614250326395, -0.13234462044460596, -0.06598740118031636, 0.10958106848751259, -0.07251917396614682, -0.07020708881809136, 0.02601097264329516, -0.11339973168144514, -0.00889244772771225, -0.030177856186539814, -0.07369786492840824, -0.016821401194152513, -0.09353528299402308, 0.0019585684854010604, -0.009036698768260479, -0.059881720809922934, -0.06240954616918816, 0.04218729789275824, -0.10738913003202959, 0.011775882259149759, -0.08356906525291619, -0.036367741200590636, -0.06242234287061614], "t_series": [20, 40, 60, 80, 100, 120, 140, 160, 180, 200, 220, 240, 260, 280, 300, 320, 340, 360, 380, 400, 420, 440, 460, 480, 500, 520, 540, 560, 580, 600, 620, 640, 660, 680, 700, 720, 740, 760, 780, 800, 820, 840, 860, 880, 900, 920, 940, 960, 980, 1000, 1020, 1040, 1060, 1080, 1100, 1120, 1140, 1160, 1180, 1200, 1220, 1240, 1260, 1280, 1300, 1320, 1340, 1360, 1380, 1400, 1420, 1440, 1460, 1480, 1500, 1520, 1540, 1560, 1580, 1600, 1620, 1640, 1660, 1680, 1700, 1720, 1740, 1760, 1780, 1800, 1820, 1840, 1860, 1880, 1900, 1920, 1940, 1960, 1980, 2000, 2020, 2040, 2060, 2080, 2100, 2120, 2140, 2160, 2180, 2200, 2220, 2240, 2260, 2280, 2300, 2320, 2340, 2360, 2380, 2400, 2420, 2440, 2460, 2480, 2500, 2520, 2540, 2560, 2580, 2600, 2620, 2640, 2660, 2680, 2700, 2720, 2740, 2760, 2780, 2800, 2820, 2840, 2860, 2880, 2900, 2920, 2940, 2960, 2980, 3000, 3020, 3040, 3060, 3080, 3100, 3120, 3140, 3160, 3180, 3200, 3220, 3240, 3260, 3280, 3300, 3320, 3340, 3360, 3380, 3400, 3420, 3440, 3460, 3480, 3500, 3520, 3540, 3560, 3580, 3600, 3620, 3640, 3660, 3680, 3700, 3720, 3740, 3760, 3780, 3800, 3820, 3840, 3860, 3880, 3900, 3920, 3940, 3960, 3980, 4000],