{"seed": 1, "beta_i": 0.4182842583599692, "beta_f": -0.15821154265668186, "t_iso": 20.0, "t_collapse": 1620.0, "rho_min": 2.8091584284159774, "t_min": 160.0, "ca_final": 0.9130785997088728, "beta_series": [-0.05346670963752856, 0.16427348653679075, 0.06976230198026212, -0.030983393448791696, 0.06625952038783432, 0.06005897118611091, -0.0927314158049279, -0.19501764264778637, -0.3816638205896189, -0.1317125722104121, -0.002523578239393906, 0.05771074057245361, 0.014385202345511952, 0.008836695211800083, -0.048750458536173616, -0.19422417489312305, -0.3091700014081214, 0.09311065710343454, 0.11566169447636979, -0.1684003461061392, -0.11205671067736125, -0.05024390558162861, -0.005532961833971714, -0.09981019187481405, -0.28275395961904104, 0.031179278758739562, -0.11257890587769936, -0.5016524646927337, -0.2091288408412293, -0.029225232263156195, -0.004669551506507302, -0.09158841253690064, -0.08368460815481071, 0.005171398173949612, 0.13342053840439733, -0.31567856022510155, -0.08704014536706796, -0.030606725129197807, -0.33515730015658807, 0.04338897442436469, -0.008384395846745482, -0.3827425443472047, 0.08086966854784164, -0.004603738998115087, -0.14814441173481424, 0.023146925946251617, 0.1472079074309689, 0.09073449452794144, -0.0838880194240036, -0.07350236458392666, -0.13822710249168502, -0.035716311168415324, -0.1420093891648566, 0.020423370899432622, 0.02436591757313851, 0.022479063524309117, 0.04612547513067922, -0.19617514873374126, -0.13923740739006296, -0.04651860263167917, 0.011472482073508594, -0.16275465401424982, -0.0097020840606767, 0.09994806048055288, -0.03383236906659902, 0.009755869625312066, -0.02531006775547609, 0.031091797841716035, -0.14223716421655572, 0.10567803362536199, -0.0736068024519913, 0.02725605169009676, -0.03235751312300106, -0.23094384384637118, 0.022982493859116077, -0.11877019999479993, 0.014671265278063422, -0.1682345888288714, -0.041648321073115446, 0.055746611282180114, -0.08266334527453635, 0.05549709663897867, -0.08001664437353335, 0.05684697442350532, -0.07563930434077065, 0.03456679125023546, 0.06677153976237361, -0.047309663600812374, 0.05623224096613892, -0.17083780832898332, -0.07569160008065727, 0.013332998850705005, -0.007995047673425945, -0.08839766785100228, 0.010603353190983544, -0.10978142788179918, 0.10240970819810839, -0.008832065053087132, -0.09572603578557276, 0.06387730813030525, -0.05157310897140609, 0.0697958046568788, 0.03999077559549667, 0.034024192268646156, -0.09973741499483717, -0.2200565126914967, -0.10911064545522794, -0.010802247360422415, -0.058564359572687213, -0.06744890992070439, -0.029850186934087253, 0.026768132771530687, -0.1374840687760554, 0.018687100513246818, -0.12001777130464111, 0.08113161243506942, -0.017017140573811235, -0.07270445820449246, -0.08481608076983572, -0.047825671967117164, 0.005312433716888165, -0.1107943832808321, -0.03343569272157128, -0.18239007261440454, 0.0012431939302213063, 0.025503179269709436, -0.0429525536182761, -0.1263457017818545, -0.05556550846773037, -0.060559071784389795, -0.02712898448326931, -0.016682231756985508, -0.03626231094782309, -0.014342884551426696, -0.061380408261446986, -0.08883214815289207, 0.05462659039841902, -0.02701641616846087, -0.06008077388835455, -0.05836960250631361, -0.023457065898108115, -0.005199522365757506, 0.005240264632720731, -0.033907709286600154, 0.042974492085822685, -0.02939811885921549, -0.12682309060549618, -0.03751610696798942, -0.04270216103742322, 0.013426423847613056, -0.038810440100338406, -0.0642409044756274, 0.03305825308735055, -0.02509443431896448, -0.05488901748851607, -0.05119861891433118, 0.07018220876428358, 0.0064995177736618115, -0.02120851525388802, 0.02394907841598788, -0.045265297754622374, -0.016055910813753974, -0.051968724256611615, 0.007906053423635956, -0.16465241860437504, 0.031557027507974206, 0.06351739295287728, 0.00793539395814262, 0.01515249270433551, -0.045130294655112035, -0.05878413570133559, 0.002901806905015958, -0.06950934138271331, -0.01696651045190367, -0.02949462264283871, -0.04019257420655947, -0.0614070388164774, -0.07651190512798356, -0.08732035928274856, -0.04539509920594882, -0.014374945688918409, -0.14005301473053378, -0.08856745102226328, -0.03065642944225025, -0.03052631512947636, 0.06855788527811238, -0.08880409948796172, -0.09252661726361323, -0.01731126491040408, -0.006998846622537067, -0.0236230990261775, -0.037413790180034864, -0.020328221066351793, -0.04973715763316984, -0.07219422182590787, -0.015185661753573623, -0.04460740151792568, -0.054302097536354524, -0.05666350939910195, -0.15821154265668186], "t_series": [20, 40, 60, 80, 100, 120, 140, 160, 180, 200, 220, 240, 260, 280, 300, 320, 340, 360, 380, 400, 420, 440, 460, 480, 500, 520, 540, 560, 580, 600, 620, 640, 660, 680, 700, 720, 740, 760, 780, 800, 820, 840, 860, 880, 900, 920, 940, 960, 980, 1000, 1020, 1040, 1060, 1080, 1100, 1120, 1140, 1160, 1180, 1200, 1220, 1240, 1260, 1280, 1300, 1320, 1340, 1360, 1380, 1400, 1420, 1440, 1460, 1480, 1500, 1520, 1540, 1560, 1580, 1600, 1620, 1640, 1660, 1680, 1700, 1720, 1740, 1760, 1780, 1800, 1820, 1840, 1860, 1880, 1900, 1920, 1940, 1960, 1980, 2000, 2020, 2040, 2060, 2080, 2100, 2120, 2140, 2160, 2180, 2200, 2220, 2240, 2260, 2280, 2300, 2320, 2340, 2360, 2380, 2400, 2420, 2440, 2460, 2480, 2500, 2520, 2540, 2560, 2580, 2600, 2620, 2640, 2660, 2680, 2700, 2720, 2740, 2760, 2780, 2800, 2820, 2840, 2860, 2880, 2900, 2920, 2940, 2960, 2980, 3000, 3020, 3040, 3060, 3080, 3100, 3120, 3140, 3160, 3180, 3200, 3220, 3240, 3260, 3280, 3300, 3320, 3340, 3360, 3380, 3400, 3420, 3440, 3460, 3480, 3500, 3520, 3540, 3560, 3580, 3600, 3620, 3640, 3660, 3680, 3700, 3720, 3740, 3760, 3780, 3800, 3820, 3840, 3860, 3880, 3900, 3920, 3940, 3960, 3980, 4000],