{"seed": 3, "beta_i": 0.19579154809747448, "beta_f": -0.08175956990124318, "t_iso": 20.0, "t_collapse": 1400.0, "rho_min": 4.0065046438063945, "t_min": 280.0, "ca_final": 0.8632541488306179, "beta_series": [-0.06613760201694795, -0.027158399054525134, -0.09569038138966919, -0.023886745316465077, -0.14813215440750765, -0.1568854835113423, 0.023599732289205227, 0.0013176804917640755, 0.008232254780014159, -0.08321906878880703, 0.07022921032079472, -0.05238011665579029, -0.11162209458722885, -0.007384448945664368, -0.06280666440741323, 0.014454632533726156, 0.024457742390953538, -0.033900495764232985, 0.041589485081016675, -0.32628336353811077, 0.1061272880149676, -0.0753881262917115, 0.0075232950663710885, -0.23875733874123423, 0.06562262939445443, 0.037246675546508984, -0.15291383333681438, 0.09173877399078048, 0.034312411132344275, 0.061243557125695736, -0.00291701666703946, -0.4888113388782626, -0.04688717979263746, 0.051840808794053506, 0.08004381158204825, 0.06490640966389348, 0.05257156019272273, -0.06757343831535739, -0.04361207871681533, -0.07021673198439751, -0.1611649498799695, -0.03831240376899077, 0.07633641249094622, -0.062448584261671186, -0.05151835563620642, -0.03034007270539585, -0.056292762795143114, -0.13643006448270653, 0.04315162864670222, 0.041012575060174, -0.06306028939157032, -0.06327372485450439, 0.0849311031635342, -0.02258212750069785, -0.11224146379933217, -0.08801521904713892, -0.11209634839093713, -0.03506705464858119, 0.02903117495013774, -0.03013738318090238, -0.019951982272079394, -0.10236613183567217, 0.0951235998473943, -0.060311708507419654, 0.06734504204566431, -0.06520334989542012, -0.11229199505491269, -0.09725618573642114, 0.12871660915773098, -0.08721979672879421, -0.11541306304917061, -0.047730322996419355, -0.08079173353530643, -0.032354531855492766, -0.11793543519021962, -0.005909375579791626, -0.08099005175581313, -0.027319415144718917, 0.01587349004744154, -0.02417979210221015, -0.10575732845828029, -0.034263750278514, 0.04008465764647094, -0.06106262816604799, -0.01735406782675232, -0.20577939913835883, -0.08615322771482722, -0.11585704911765196, -0.04211230113900387, -0.10648266399822365, -0.05137516789553184, -0.012840196396925255, -0.07291960121367837, -0.03297269198647859, 0.0278212709160624, -0.11793277100185993, 0.019622125685672565, 0.020550835296409165, 0.037706002733027516, -0.07389002230453483, -0.06669931440904961, 0.00833287436025841, 0.04851427274285659, -0.00973513706126529, -0.08831535282288079, -0.07664978021382435, 0.04442624920765442, -0.14094552129689653, -0.10681630269873009, -0.003492020945935856, -0.1675005725824812, -0.11273439511958457, 0.08298742092265506, -0.02117100939666469, 0.029225309054366697, -0.007849238430401015, -0.04518274911418407, 0.03054308341994319, -0.07458453794032109, -0.023726822695965363, -0.02805365400014119, 0.0029281913472622573, -0.04078825370428754, -0.043974936685093, 0.035793643170433695, -0.03157278957617379, 0.01863403366658306, 0.01669586759945152, -0.04524609260912216, -0.022976220995122226, 0.04080350777001121, -0.012631239632887897, -0.0024950681838138977, -0.04673023833669812, 0.01932745744227224, 0.012070121186340349, -0.023634610023572547, 0.01185597670778274, 0.09146657897467235, 0.05807446385116563, -0.03610130151965962, 0.006676175664264594, -0.1344742948024638, 0.015269566263044293, -0.0544090402461441, 0.0549983354059545, 0.018583488201376855, -0.053725192902053534, -0.10503327102599475, -0.1066740221665757, -0.020821935494531596, 0.028299690867316693, 0.06167127850975819, -0.026839558582395562, -0.09095789603137419, -0.00031610979348134505, 0.014219319865301186, -0.22950213485034981, -0.07566446376573056, 0.03741370889537539, 0.10976242190115611, -0.013194811004219681, -0.0008164599755035307, 0.024192732512933815, 0.047713785932813266, 0.017675108542252557, 0.04108112902435701, 0.055110495895188474, -0.012858595593892422, -0.01849417860974821, -0.06330265815428196, -0.06989943240485676, -0.0714549220346687, 0.04456805993209642, -0.04644605275030124, -0.018656284083819738, -0.08376189179420047, -0.019443163832554552, -0.00822688854362616, -0.08244637465403222, -0.032910353401596454, -0.048803298525919955, -0.07412475297573072, -0.06945302316672745, -0.0659764040531103, 0.011707532670642742, -0.0009821447610510597, 0.026793543320498783, 0.010366525055195391, 0.01964682943673729, 0.01501719515333079, -0.11306088366750856, -0.0990150982530209, 0.012548840984174359, -0.07491895463417633, 0.05282646624180597, 0.047364883446702186, -0.006896778971229117, 0.017322747964032548, -0.08175956990124318], "t_series": [20, 40, 60, 80, 100, 120, 140, 160, 180, 200, 220, 240, 260, 280, 300, 320, 340, 360, 380, 400, 420, 440, 460, 480, 500, 520, 540, 560, 580, 600, 620, 640, 660, 680, 700, 720, 740, 760, 780, 800, 820, 840, 860, 880, 900, 920, 940, 960, 980, 1000, 1020, 1040, 1060, 1080, 1100, 1120, 1140, 1160, 1180, 1200, 1220, 1240, 1260, 1280, 1300, 1320, 1340, 1360, 1380, 1400, 1420, 1440, 1460, 1480, 1500, 1520, 1540, 1560, 1580, 1600, 1620, 1640, 1660, 1680, 1700, 1720, 1740, 1760, 1780, 1800, 1820, 1840, 1860, 1880, 1900, 1920, 1940, 1960, 1980, 2000, 2020, 2040, 2060, 2080, 2100, 2120, 2140, 2160, 2180, 2200, 2220, 2240, 2260, 2280, 2300, 2320, 2340, 2360, 2380, 2400, 2420, 2440, 2460, 2480, 2500, 2520, 2540, 2560, 2580, 2600, 2620, 2640, 2660, 2680, 2700, 2720, 2740, 2760, 2780, 2800, 2820, 2840, 2860, 2880, 2900, 2920, 2940, 2960, 2980, 3000, 3020, 3040, 3060, 3080, 3100, 3120, 3140, 3160, 3180, 3200, 3220, 3240, 3260, 3280, 3300, 3320, 3340, 3360, 3380, 3400, 3420, 3440, 3460, 3480, 3500, 3520, 3540, 3560, 3580, 3600, 3620, 3640, 3660, 3680, 3700, 3720, 3740, 3760, 3780, 3800, 3820, 3840, 3860, 3880, 3900, 3920, 3940, 3960, 3980, 4000],