{"seed": 2, "beta_i": 0.08552414052164424, "beta_f": 0.024688902823281303, "t_iso": 20.0, "t_collapse": 1340.0, "rho_min": 2.072329988175721, "t_min": 240.0, "ca_final": 0.9649781165457113, "beta_series": [-0.026991300383261044, -0.048358548554782124, -0.3460043739633262, -0.010580496915964091, -0.11219809959829162, -0.03702863748479851, 0.010796180059021027, -0.10724301156359183, -0.5232407085575208, -0.040514069364127936, -0.1337079944513903, -0.06151426952249056, -0.47275033119464416, -0.032899432918470736, -0.37872978608655444, 0.019786139457354246, 0.006243506362399079, -0.0007978290024188706, -0.3259568231853367, -2.794180306200933e-05, -0.13660678245137764, 0.05743052520244138, 0.09747831408020252, -0.2195470613820772, -0.2636411536718443, 0.012971238667883286, -0.13648036632748206, -0.036049839765287375, -0.10516270307319397, -0.1653883970284566, 0.03830475593175127, -0.2483480577965436, -0.013376182597211378, 0.01809130991498488, 0.0533193439357221, -0.08340849328286415, -0.23085623801157193, -0.18194355819771157, 0.008901019433275176, -0.0311869924609436, -0.06558950027756529, -0.006747276703634328, 0.07781409234732745, -0.0664902586448601, -0.10675050454792308, -0.15911542707400503, 0.02551510760656013, 0.06951667203675507, -0.07877425207615224, 0.1421679228270657, -0.0969638935405275, 0.11792454103169919, 0.033135101165613384, -0.015534127123528169, -0.014238851566908406, -0.3457006058814106, -0.1555092438977293, -0.22095121291383235, 0.022236174941068887, -0.08624191515801195, -0.09344258978989359, -0.04927200133253033, -0.06111052064620322, -0.07492458428552229, -0.11620055541086091, -0.04175750049559912, -0.007826196508141245, -0.010485512509073605, -0.011397345367036321, -0.03746381529872754, -0.028853197723725035, -0.08849526846345379, -0.061673600613252874, -0.15606401891161834, -0.03694704800745399, 0.06190159372920971, -0.257553607534051, -0.10455776143563134, -0.3094282582920582, -0.05600053425520295, -0.09129117950914008, -0.06064414691752379, -0.11431932360979045, -0.002302479646968683, 0.02572739455804847, -0.0512334851740074, 0.020432753770843276, -0.015304309327288101, -0.019360185925869994, -0.12227712032601593, 0.009147672067915377, 0.017061513972587414, -0.005363007731540664, -0.03960839393195728, -0.021492178653824023, -0.16171577527076408, -0.09666648059604534, 0.06126774900917281, 0.12272550956348394, -0.017836078941809913, 0.01611915043483321, 0.11461021446594659, -0.1421127248820511, 0.016054359776960847, -0.026261741195026875, -0.01628012275772782, -0.05263780827936275, 0.05096116808371012, -0.06380981101852227, -0.0059862178699769675, 0.0192595806819906, 0.030599178760852552, -0.1514766753652135, 0.0028238340336138174, -0.0843758628651331, -0.03150293530719914, -0.019735576998378773, -0.05580348350190262, -0.07878703748766866, -0.08825415628394437, -0.06543555199376941, 0.0033829367934596483, -0.012191389436122066, -0.11598471811191072, -0.0682406668872554, -0.04318952211670872, -0.05845925638467052, 0.05805928850064211, -0.05650262293004414, 0.020921422031175252, -0.02147971914833785, -0.0815072386776618, -0.08489194945881624, -0.07221166866418827, -0.08987991757076995, 0.07492765613185705, -0.05567617067050046, -0.10058646749789549, -0.07084632324223693, 0.03331617007836607, -0.006015206179122545, 0.010808782603281691, -0.05652332158052725, -0.07863280638586595, 0.0021553414525152526, -0.14510551858468784, -0.021185220182345713, -0.015301982329577052, 0.023195004400562574, -0.025782022520577763, -0.07265523237062944, -0.10735990886100574, -0.04315387548968257, -0.07783755678222562, 0.06664925159971177, 0.0019480476172645533, -0.07445576500516639, 0.05716940436638113, 0.09161067143401826, -0.03469177611068708, -0.1394568472378728, -0.08662398852078013, -0.011544704014895185, 0.04483889283705782, -0.057967592040554794, 0.07660281423598617, -0.015944247160056838, -0.010474857805352164, 0.03465898639055662, -0.05295664504877731, -0.03919417901392855, -0.027116809097845043, 0.0009192660050458129, -0.004762839306980779, 0.007730204960636741, -0.117899832271919, -0.0861772941837029, -0.03326273723624451, -0.14044292321255142, 0.045077791608246404, 0.0012207667605793615, -0.00845406455877018, -0.057038761612394476, -0.05623818765806737, -0.06674814077225429, 0.024915730714300255, 0.02238260507361206, -0.002481086533757282, 0.011796614177895112, -0.05875119292690391, 0.025477017935451873, 0.02003299937912957, -0.04887344480114289, 0.08613398399784077, -0.05681971652549475, -0.0456607886031299, -0.019354653481193612, 0.003991436687186975, -0.04840875364200732, 0.024688902823281303], "t_series": [20, 40, 60, 80, 100, 120, 140, 160, 180, 200, 220, 240, 260, 280, 300, 320, 340, 360, 380, 400, 420, 440, 460, 480, 500, 520, 540, 560, 580, 600, 620, 640, 660, 680, 700, 720, 740, 760, 780, 800, 820, 840, 860, 880, 900, 920, 940, 960, 980, 1000, 1020, 1040, 1060, 1080, 1100, 1120, 1140, 1160, 1180, 1200, 1220, 1240, 1260, 1280, 1300, 1320, 1340, 1360, 1380, 1400, 1420, 1440, 1460, 1480, 1500, 1520, 1540, 1560, 1580, 1600, 1620, 1640, 1660, 1680, 1700, 1720, 1740, 1760, 1780, 1800, 1820, 1840, 1860, 1880, 1900, 1920, 1940, 1960, 1980, 2000, 2020, 2040, 2060, 2080, 2100, 2120, 2140, 2160, 2180, 2200, 2220, 2240, 2260, 2280, 2300, 2320, 2340, 2360, 2380, 2400, 2420, 2440, 2460, 2480, 2500, 2520, 2540, 2560, 2580, 2600, 2620, 2640, 2660, 2680, 2700, 2720, 2740, 2760, 2780, 2800, 2820, 2840, 2860, 2880, 2900, 2920, 2940, 2960, 2980, 3000, 3020, 3040, 3060, 3080, 3100, 3120, 3140, 3160, 3180, 3200, 3220, 3240, 3260, 3280, 3300, 3320, 3340, 3360, 3380, 3400, 3420, 3440, 3460, 3480, 3500, 3520, 3540, 3560, 3580, 3600, 3620, 3640, 3660, 3680, 3700, 3720, 3740, 3760, 3780, 3800, 3820, 3840, 3860, 3880, 3900, 3920, 3940, 3960, 3980, 4000],