{"seed": 4, "beta_i": 0.09933947621468224, "beta_f": 0.023751331328088612, "t_iso": 40.0, "t_collapse": 1580.0, "rho_min": 2.3486406532658175, "t_min": 220.0, "ca_final": 0.9454013061273877, "beta_series": [0.10497154399428665, 0.0024699176567847397, 0.05617722982977458, -0.22190427946230729, -0.2766313785487754, -0.12673806703487936, -0.39088581683481843, -0.0014899544668361686, -0.19426426422402723, -0.4484601568978648, -0.31594869965270633, 0.06886681485294087, -0.08407370882876058, 0.09501576785139396, -0.02532810983171513, -0.15711850343438638, -0.04208942897787485, -0.087235334057603, -0.2279023177836873, -0.0031343692801195783, -0.04376122749658336, 0.020132765682005754, -0.06606942068817132, 0.04036489647836197, 0.055565369984174814, 0.09231591807263276, -0.1995689286334757, -0.05151088936221736, 0.11238351445120053, -0.13327148342711226, 0.1768031204071411, -0.011624735286347082, -0.11092696745697454, -0.10087750336778292, -0.015821136265002145, -0.366093914922894, -0.09654615286698025, -0.08260600104143526, -0.1403056490069936, -0.05459636838758848, 0.013099254593685342, -0.028262970797195933, 0.1257886370423445, -0.04649694165048095, -0.12077957861920031, -0.0051953703213571956, 0.010172117812950882, -0.009287264335038528, 0.06842784482144645, -0.19247971724820798, -0.03325103059149012, 0.014745424803631363, -0.16958705682440667, -0.08054795265476976, -0.11360858621431755, -0.04338763057916886, -0.6200334844974144, -0.05473297209463189, -0.012497251364667741, -0.2553660722763939, -0.20204922403431744, -0.10794228427167477, 0.0037128714616325997, -0.06778453911707165, -0.1436434305478011, 0.015449145030771785, -0.03686047055632333, 0.029347139511334774, 0.05769913494610386, -0.08525888474789244, -0.09624426454545718, 0.0907277779169628, 0.022727843056790056, -0.07220099865566025, -0.10672428981331823, -0.16568058544360378, -0.1474319476969283, -0.033093821264399303, -0.06054970678821965, -0.04848518373652083, -0.004670750743743721, -0.04179348917038758, -0.1631625170132502, -0.16945456886804153, -0.040421865514057576, -0.054828181037665596, -0.04293521761268164, -0.08845427340292462, -0.14089950295261522, -0.038733101059528596, -0.16635516498116126, -0.0013978051832616717, 0.04436120378870183, -0.06600561040368716, 0.04889641447135333, 0.02751334367103618, -0.18944737274924964, -0.04141383506445501, 0.049078401086519424, -0.015698605970100726, -0.004779989286050321, 0.009777761317950523, -0.01915225664199101, -0.08069934387430151, -0.08978362376905107, -0.049596885785031644, -0.00046081792520671905, 0.019186545453579396, -0.07068979168147571, 0.1688897318832011, -0.02054663763026371, -0.11285471075003677, 0.12340681065165689, -0.10277956464055334, -0.009488475557185239, -0.11413112168084133, -0.04071403580380037, 0.01721802465117557, -0.13374888612498861, 0.0640955516727318, -0.05788201753529887, -0.050892166902021654, 0.012258735648247768, -0.05019840736726107, -0.11553862985983586, -0.18177889144498416, -0.05667032696284949, 5.234052938547784e-05, 0.04272156951867927, 0.038572331654396705, -0.12151986468677654, -0.13758685510681265, -0.003644558101001505, 0.07490290150789344, -0.01501581046030906, 0.018614865760353413, 0.08735987739997084, -0.07716938447061186, 0.025775565233255013, -0.05831381727679641, 0.014979888039939313, -0.1804236352750744, -0.07039332304718642, 0.04097675990974019, -0.051483503625004284, -0.057310963514537405, -0.16942029160775535, 0.0890902528782173, -0.08905985545321035, 0.006331988683880685, 0.04047912856901918, 0.13218399414159857, -0.0550026124966585, -0.07101567729473371, -0.07160274405086064, 0.03857507400095496, -0.09651914407145694, 0.027008411965102674, 0.0031644172572994067, 0.020652316112695718, -0.024082990431153167, -0.06846353582733931, -0.04768329820310285, 0.08929410588944535, -0.1317060560678085, 0.057017414983933354, -0.06829159251182591, -0.059629054771244985, -0.0024654148158768097, -0.1453070198487613, -0.03019860328576067, -0.08338767499449966, 0.00012550634590542675, -0.0038932732265101466, -0.07015553263785351, 0.10342823721470504, -0.1465315128157445, -0.04141321360269251, -0.0892880527007431, -0.010787579871124706, 0.018476972902427433, 0.02835782899578966, 0.06144871604320826, -0.008176127362510721, -0.06254978881998711, 0.07670228268856343, -0.11777494589796227, 0.029621740246127834, -0.17354482827420042, -0.12202213476359666, 0.0319959962129691, 0.03565197421155024, -0.034311982282602696, -0.08301570589905347, -0.07138377810797968, -0.14338796837997425, -0.04814017917816024, 0.032103410558434894, 0.02546067820870443, 0.023751331328088612], "t_series": [20, 40, 60, 80, 100, 120, 140, 160, 180, 200, 220, 240, 260, 280, 300, 320, 340, 360, 380, 400, 420, 440, 460, 480, 500, 520, 540, 560, 580, 600, 620, 640, 660, 680, 700, 720, 740, 760, 780, 800, 820, 840, 860, 880, 900, 920, 940, 960, 980, 1000, 1020, 1040, 1060, 1080, 1100, 1120, 1140, 1160, 1180, 1200, 1220, 1240, 1260, 1280, 1300, 1320, 1340, 1360, 1380, 1400, 1420, 1440, 1460, 1480, 1500, 1520, 1540, 1560, 1580, 1600, 1620, 1640, 1660, 1680, 1700, 1720, 1740, 1760, 1780, 1800, 1820, 1840, 1860, 1880, 1900, 1920, 1940, 1960, 1980, 2000, 2020, 2040, 2060, 2080, 2100, 2120, 2140, 2160, 2180, 2200, 2220, 2240, 2260, 2280, 2300, 2320, 2340, 2360, 2380, 2400, 2420, 2440, 2460, 2480, 2500, 2520, 2540, 2560, 2580, 2600, 2620, 2640, 2660, 2680, 2700, 2720, 2740, 2760, 2780, 2800, 2820, 2840, 2860, 2880, 2900, 2920, 2940, 2960, 2980, 3000, 3020, 3040, 3060, 3080, 3100, 3120, 3140, 3160, 3180, 3200, 3220, 3240, 3260, 3280, 3300, 3320, 3340, 3360, 3380, 3400, 3420, 3440, 3460, 3480, 3500, 3520, 3540, 3560, 3580, 3600, 3620, 3640, 3660, 3680, 3700, 3720, 3740, 3760, 3780, 3800, 3820, 3840, 3860, 3880, 3900, 3920, 3940, 3960, 3980, 4000],