{"seed": 1, "beta_i": 0.5677007360980695, "beta_f": 0.09604501579913459, "t_iso": 20.0, "t_collapse": 1320.0, "rho_min": 2.8552102059309936, "t_min": 240.0, "ca_final": 0.8750807846035508, "beta_series": [-0.16673697521334266, -0.00971811683969194, 0.030877183895155674, -0.055784696947327114, 0.05729642688157706, 0.0493039381601479, 0.01294672701386114, -0.18290696001259849, -0.36216480835219744, -0.02378677955813123, -0.14477306147132868, -0.21361565845213187, -0.13264697966568367, 0.02901103954639142, -0.25942611607651933, -0.06398470621273179, -0.0744426642894603, -0.12289673746966219, -0.026690146819826635, -0.00636709107316806, -0.18829697334760792, -0.03725286826413189, -0.06830283193250197, -0.04130566078664459, -0.11110212023002633, 0.06871975284414712, -0.0789401581707806, -0.3082760269432223, -0.04403620966405955, -0.06495115045099717, -0.12715121410471547, -0.05223511019821524, -0.053232258242715005, -0.09798938483947359, -0.08147382732499421, 0.02617509969101872, -0.09397384383328158, 0.0374596812091411, 0.0036300776656956607, 0.06693286866350076, 0.05976546412222575, 0.036074701362587544, -0.032825665410931196, 0.018624039329322675, 0.09939143404128253, 0.0628357757028126, -0.024999926652422108, 0.015636726429134454, 0.011735724467779748, -0.11860269357715571, -0.16748324594803043, -0.06639254984060297, -0.26495720327022404, 0.00836532564194907, -0.00989587087663052, -0.08335688899460254, 0.05006413731471107, -0.06561230506838772, -0.10254166580692296, 0.06282724272169232, 0.036492031744492365, 0.06962223920495213, -0.26219393005154884, -0.00516600357593773, -0.12700915578649113, 0.010167820416991186, -0.04513553534965967, 0.0194604064960594, -0.13819055017062537, 0.03304017295899443, -0.02193548241200921, -0.11685748127163313, 0.008907498878323261, 0.04855276553328028, -0.017172201687656555, 0.007952501418396818, -0.057188462377232324, 0.0805975064024898, 0.027731208260081047, -0.043442212661171875, 0.09616635360194062, -0.12332772244115595, -0.14752466680165863, 0.01685811442767239, -0.003896629179921507, 0.10871935001953512, -0.018569849822910364, 0.023472383720396256, -0.18682767245729814, 0.04082805953462659, 0.017265791678134426, 0.12899439546308344, -0.02019811307390197, -0.07280300461680217, 0.0018299407856569444, -0.02919414650460976, 0.06306823803595642, 0.10027157133371925, 0.11979331887443477, 0.05707063253788343, -0.01277742961003693, -0.15711548440174689, -0.09530532204833703, -0.08218995331283625, 0.04275429352974375, -0.02016371791089465, -0.0635612720704695, 0.004701773783004945, 0.0955944356619696, 0.057599097221053525, -0.10768135788870602, 0.07380240413117249, -0.0269359284032831, -2.4841957581428487e-06, -0.009427657964765718, -0.09419427170164942, -0.01700608386266507, 0.033141331481223196, -0.03612188345596175, -0.10478609580202518, -0.014580393214147364, 0.018104283722384498, -0.11152376169732807, -0.0792903851189268, 0.03472775643768139, -0.057015333543780966, -0.05134407394988774, -0.04295953329553098, -0.1340357369959103, 0.0072424343755297105, 0.11259146847658692, -0.12685313720695568, -0.00759668851883416, -0.019409789340220043, -0.06661639157113597, -0.15524130801394823, 0.05060567524586433, 0.003045249788038204, -0.022042026234408763, -0.0515998628914624, -0.1811867555584372, -0.0038953415330146846, -0.09015495643007806, -0.09885789761134102, -0.03941176311629985, -0.046735382714390816, -0.036232949928662495, -0.054644503312938575, -0.003582085969796034, 0.003207437472418209, 0.015377819078325472, -0.01671090249421324, -0.15142698035888622, -0.02898191247737593, 0.004453960677679961, -0.035356992842283344, -0.00595431041633733, 0.009023373894719022, 0.027384166877256214, -0.057845409434499145, 0.12646788220808544, 0.003957608897155157, 0.10121205196811149, -0.04907465673634569, -0.07465886510695612, -0.02969374413574677, -0.03051052399871304, -0.07795262000434139, -0.028485858043630297, -0.10198769651686107, -0.04840755622725175, -0.11088589320081117, -0.052968986108915886, -0.07483529799658292, 0.05615349739438373, -0.07977177820446485, -0.011440787139925856, 0.0911612522511995, 0.00747284805624214, -0.13960896070072876, 0.10008243639963445, -0.05837679975788597, -0.020093966882768044, -0.007164170177104523, -0.1656164062098982, 0.02525416466413348, 0.007265121497439922, -0.26618712055414984, 0.009754509238452488, -0.04843859453793978, -0.02156618713905621, -0.0537829623971907, 0.004000911516729669, -0.08470880424923126, -0.07027173702419133, -0.03318911296534022, -0.14263646909881394, -0.03785229652968408, -0.07974559908450383, 0.09604501579913459], "t_series": [20, 40, 60, 80, 100, 120, 140, 160, 180, 200, 220, 240, 260, 280, 300, 320, 340, 360, 380, 400, 420, 440, 460, 480, 500, 520, 540, 560, 580, 600, 620, 640, 660, 680, 700, 720, 740, 760, 780, 800, 820, 840, 860, 880, 900, 920, 940, 960, 980, 1000, 1020, 1040, 1060, 1080, 1100, 1120, 1140, 1160, 1180, 1200, 1220, 1240, 1260, 1280, 1300, 1320, 1340, 1360, 1380, 1400, 1420, 1440, 1460, 1480, 1500, 1520, 1540, 1560, 1580, 1600, 1620, 1640, 1660, 1680, 1700, 1720, 1740, 1760, 1780, 1800, 1820, 1840, 1860, 1880, 1900, 1920, 1940, 1960, 1980, 2000, 2020, 2040, 2060, 2080, 2100, 2120, 2140, 2160, 2180, 2200, 2220, 2240, 2260, 2280, 2300, 2320, 2340, 2360, 2380, 2400, 2420, 2440, 2460, 2480, 2500, 2520, 2540, 2560, 2580, 2600, 2620, 2640, 2660, 2680, 2700, 2720, 2740, 2760, 2780, 2800, 2820, 2840, 2860, 2880, 2900, 2920, 2940, 2960, 2980, 3000, 3020, 3040, 3060, 3080, 3100, 3120, 3140, 3160, 3180, 3200, 3220, 3240, 3260, 3280, 3300, 3320, 3340, 3360, 3380, 3400, 3420, 3440, 3460, 3480, 3500, 3520, 3540, 3560, 3580, 3600, 3620, 3640, 3660, 3680, 3700, 3720, 3740, 3760, 3780, 3800, 3820, 3840, 3860, 3880, 3900, 3920, 3940, 3960, 3980, 4000],