{"seed": 1, "beta_i": 0.3104488240815809, "beta_f": 0.0290256929527892, "t_iso": 20.0, "t_collapse": 1280.0, "rho_min": 3.499935091141218, "t_min": 240.0, "ca_final": 0.8908641492897111, "beta_series": [0.01977889786900186, -0.015590586377983717, -0.2267538426653583, -0.04521469468881159, -0.04016654206506694, 0.0480974421794375, -0.062133709929506536, -0.0362532604646314, 0.07227660227533879, 0.0013809735990514826, 0.05193969357550854, -0.259302701740843, -0.021260061817486894, 0.02036790231116266, -0.15464467365038786, 0.015608610613292703, 0.12417937134999661, -0.28713749062145233, 0.03864585288167012, -0.06096378328266998, -0.09006186082969994, -0.11663933616081927, -0.2157794637279351, -0.12549325856087393, -0.3337341255407425, 0.03201776352811171, 0.011566259293898595, 0.07442299827634936, -0.165620009842471, 0.07008454191337592, -0.004784082738454223, 0.063660153239975, -0.008695563385098679, 0.028280462234515594, -0.2174725151644306, 0.0019499801084558038, -0.017119748405693525, -0.10672718748077639, -0.07144795318390186, -0.003869528451386814, -0.010669603546540826, -0.19353338120008887, -0.07694527374792837, -0.07601578169701632, 0.0715748323351824, 0.10424377844917924, 0.06195457638739339, -0.09507381735156523, 0.00748821179245357, -0.09681797600558151, 0.018364933862997118, -0.16696649179945422, -0.2847701517826965, 0.08378917762732514, -0.20604269430948408, -0.0301891253530482, 0.10280971614319245, 0.13247646606467015, -0.16840516441434128, -0.2042127408723694, -0.05634417664146554, -0.07091058580866316, 0.019315161179267903, -0.10419824497963878, -0.057513477536404234, 0.0021984896417266697, -0.11140047920462322, -0.14187393336370066, 0.0817458359732438, -0.012182768480370407, 0.0033553314836027026, -0.00881387445635444, -0.18092314878859436, 0.002184302642809652, 0.034188494514429846, 0.027530568990817267, -0.035416440775784694, -0.07823115193606096, -0.0301089222133136, -0.0168274360238274, -0.049830603391205944, 0.06742124408196834, 0.010272139793358948, 0.016489153943362353, 0.0018380527479019138, -0.12832162481414505, -0.03022639233280819, 0.022960138517528997, -0.018059908915626796, 0.0597100358821059, -0.04478729515047852, -0.02020638564341949, -0.06438259365812384, -0.1702091685038026, -0.09059629888503311, 0.04032534193197791, -0.060294471161515595, -0.03618987634693718, -0.00452824773780694, -0.00011890290545089888, -0.14887308574343558, 0.0646166616773761, -0.039803845101831534, -0.053072136241896606, -0.08390562751202428, -0.16150245390785908, -0.036887709565908755, -0.045297647992115386, -0.024999509305581133, -0.013628508011320525, 0.039016552986771064, -0.012954475946012567, -0.016984750815429037, 0.025425099313458197, -0.05648515865463884, -0.12824933439788377, 0.09329362330113242, -0.015786730833645804, 0.00030632361614331416, -0.02551911501041483, -0.03846570350408063, -0.04060683547933058, 0.015645830767209226, -0.021709327588446833, -0.11294582278847572, -0.054579405545829324, 0.05759391907166164, 0.04879524754050368, -0.13746661413024722, 0.018570727418486185, 0.01541168557304741, -0.003912360198844805, -0.06342060871180316, 0.003521053062101251, 0.049354820874522184, -0.09409967674559674, -0.08417061460131894, -0.04279921259828094, -0.015863430697356115, 0.0349940824810419, -0.05934220806661912, -0.04919055640345349, -0.07010833658491145, -0.03244427667659952, -0.018296239007704704, 0.04278017753769138, 0.017808590137269445, -0.23934474526590338, -0.035300850069934026, 0.07298532365284541, 0.00392315191687731, -0.1300444296758049, -0.01856068729435395, -0.060588461616135875, -0.06166828675037471, -0.051841252093507484, 0.018961967052117945, -0.12209315498583762, 0.05026396744172204, -0.03652168186978799, -0.025904681021584317, -0.11901458861235698, 0.024147524351933056, 0.07034804824817731, -0.011138583155508877, 0.007533458987476593, -0.05304171166293392, -0.006542366151807755, -0.010976901470829317, 0.10162830800114521, -0.12670681174192036, 0.06058787411638923, -0.06463260193750829, 0.04231923328554184, -0.03834479468993836, 0.006088103624640281, -0.10521592753176763, -0.02912859741084771, -0.02876364890452761, 0.0780325841945318, 0.006160300539433589, -0.08956202088404568, -0.06023297922300945, -0.060804985520793386, -0.003222853949342047, 0.044045942797345056, -0.03708228309680266, -0.022098525281913847, -0.007681828279327493, -0.14542755276289093, 0.010156394974339386, 0.01698428281934887, -0.062278283666289805, 0.0235580334665577, 0.00039344741985240794, 0.062276480891783115, -0.027533520728532393, -0.019490069618089398, 0.103246394334965, 0.0290256929527892], "t_series": [20, 40, 60, 80, 100, 120, 140, 160, 180, 200, 220, 240, 260, 280, 300, 320, 340, 360, 380, 400, 420, 440, 460, 480, 500, 520, 540, 560, 580, 600, 620, 640, 660, 680, 700, 720, 740, 760, 780, 800, 820, 840, 860, 880, 900, 920, 940, 960, 980, 1000, 1020, 1040, 1060, 1080, 1100, 1120, 1140, 1160, 1180, 1200, 1220, 1240, 1260, 1280, 1300, 1320, 1340, 1360, 1380, 1400, 1420, 1440, 1460, 1480, 1500, 1520, 1540, 1560, 1580, 1600, 1620, 1640, 1660, 1680, 1700, 1720, 1740, 1760, 1780, 1800, 1820, 1840, 1860, 1880, 1900, 1920, 1940, 1960, 1980, 2000, 2020, 2040, 2060, 2080, 2100, 2120, 2140, 2160, 2180, 2200, 2220, 2240, 2260, 2280, 2300, 2320, 2340, 2360, 2380, 2400, 2420, 2440, 2460, 2480, 2500, 2520, 2540, 2560, 2580, 2600, 2620, 2640, 2660, 2680, 2700, 2720, 2740, 2760, 2780, 2800, 2820, 2840, 2860, 2880, 2900, 2920, 2940, 2960, 2980, 3000, 3020, 3040, 3060, 3080, 3100, 3120, 3140, 3160, 3180, 3200, 3220, 3240, 3260, 3280, 3300, 3320, 3340, 3360, 3380, 3400, 3420, 3440, 3460, 3480, 3500, 3520, 3540, 3560, 3580, 3600, 3620, 3640, 3660, 3680, 3700, 3720, 3740, 3760, 3780, 3800, 3820, 3840, 3860, 3880, 3900, 3920, 3940, 3960, 3980, 4000],