{"seed": 4, "beta_i": 0.3304171521981858, "beta_f": -0.021926471721066557, "t_iso": 20.0, "t_collapse": 1340.0, "rho_min": 2.256537098235785, "t_min": 340.0, "ca_final": 0.9606180430241934, "beta_series": [-0.10853966274696486, 0.04060089219245115, -0.01745294032530148, 0.03310107105534654, -0.121648678914048, 0.06284372938519955, -0.18979072802374514, -0.024461921982083024, -0.4215386593487231, 0.04300488774918382, -0.10519995340331278, -0.22523117151747302, 0.06462763750693368, -0.5026496661983053, -0.04388491021609893, 0.07476097536836626, -0.816092973255256, 0.037107490740550114, 0.037951874762395824, 0.04704135021941054, -0.2138347244336774, -0.11583965054848835, -0.007724601382123955, -0.2599131520283266, -0.06061714774853273, -0.05114397810351071, -0.018670579910706128, -0.037914815108762656, -0.014351593075282054, -0.14486913906134202, -0.11800295267558845, -0.015441714013849736, -0.011488922380049615, -0.1374248267428622, -0.12615486117038455, -0.0529677778558245, -0.18524087936010353, -0.12374016481728686, -0.046713806827824916, 0.05554403569789845, -0.2816179584087671, -0.09790703498139708, -0.1258463466783289, 0.07163080328139027, -0.1856976501209304, 0.09852483619944057, 0.033598992197292774, 0.07147985378802195, -0.0012604756136736506, -0.027512765196360187, -0.04554256062097005, -0.03363595175316013, -0.0018727314631175884, -0.11967167729213406, 0.003584753382039299, -0.007564310982171141, -0.0311927943060758, 0.008558867516485491, 0.002295087083550043, -0.10025344575232609, -0.07758969383555844, -0.05142412658223, -0.14923751832510712, 0.12125461379075388, -0.013439246125744778, -0.09796975035600797, -0.04304115437894765, -0.02242064298230273, -0.10109450436915604, -0.07983169557006937, 0.12753826437559496, -0.030507232108142157, -0.04793650447100305, -0.028619634155118215, -0.07064118444510993, -0.01627257516845894, -0.0659431377819031, -0.07872393656209342, -0.03615656395335971, -0.03538689606449273, -0.10394035684686855, -0.015476429814135495, -0.09020942865305541, 0.003643046936225622, -0.08563905444003092, -0.027189686087821796, -0.012247969061128156, 0.11352643902461218, -0.05418195441031523, -0.11068292447111105, 0.012640327874591226, -0.06609412407653228, 0.06730272836595581, -0.03262240446921143, -0.05365773159315464, -0.05762577472451719, 0.02698229157587348, 0.0468834366486761, -0.07256569855860472, 0.0045655635685430546, -0.08708001782897394, 0.001317271357066871, -0.13328163384077785, -0.18072466306752188, -0.05784335115489936, -0.011298007686330297, 0.0505866688451551, -0.08318356699917974, 0.013061074836915945, 0.062602906647102, -0.06126929637323948, -0.02093654294103356, -0.017603900403164313, 0.05445708983259297, 0.033008849038393406, -0.09936266673172078, 0.045873768012051966, -0.05917180757666435, -0.10735868556354747, 0.08781931313286943, -0.08957476895311893, -0.11174600303352751, 0.08036381833678358, 0.01924023696608579, -0.054955985525434736, 0.03705968584855518, -0.09918381639390349, -0.10515188750547551, -0.04353298162015114, -0.10672404031044547, -0.025537378943287933, -0.02616086793732117, 0.07309209215037353, -0.03141147576866893, 0.019132242907747662, -0.0279011991244366, -0.02098444960242797, -0.009666891016598234, -0.05915719978377425, 0.01858861195104701, -0.06866642714928903, 0.024242093048592525, 0.020383263271890106, -0.039920018219558304, 0.11836807729889655, -0.04407875502822782, -0.08262842913958496, 0.0115636497986802, 0.04469314766182289, -0.062251306357395925, -0.10050492869246441, -0.0605182909384563, -0.021478875229068994, -0.11992307186230772, 0.07233720139323765, 0.014961420087729119, -0.0776678521736284, -0.07414668718729157, 0.051525136988649856, -0.08312092384651418, -0.07737592045881665, -0.01899880061322455, 0.08807184971216016, -0.049737383954818706, -0.036497011961749676, -0.06311147564706113, -0.12377472121889606, 0.045388388271364044, -0.014968252010217314, 0.050290398570325676, -0.033146659072407936, -0.021033217271614058, -0.006226343262578607, -0.059189237448796755, -0.054704520258213485, 0.07342385309675868, -0.008979137024587455, 0.046406507444607475, -0.0468342453483557, -0.13926648083612614, 0.01735218235858954, -0.01675452993877892, 0.0649095035128859, -0.006205563787046939, 0.12355296266692146, -0.003924676948857259, 0.038964658675894215, -0.022915283709070394, -0.11310460083823484, -0.08673871118173718, 0.011735464377471014, 0.05627200598769172, -0.14177927477940225, 0.024028465940724594, -0.04858172033937458, -0.08722757356127947, 0.09410478807162027, -0.012717750143137807, 0.04228123818776297, -0.021926471721066557], "t_series": [20, 40, 60, 80, 100, 120, 140, 160, 180, 200, 220, 240, 260, 280, 300, 320, 340, 360, 380, 400, 420, 440, 460, 480, 500, 520, 540, 560, 580, 600, 620, 640, 660, 680, 700, 720, 740, 760, 780, 800, 820, 840, 860, 880, 900, 920, 940, 960, 980, 1000, 1020, 1040, 1060, 1080, 1100, 1120, 1140, 1160, 1180, 1200, 1220, 1240, 1260, 1280, 1300, 1320, 1340, 1360, 1380, 1400, 1420, 1440, 1460, 1480, 1500, 1520, 1540, 1560, 1580, 1600, 1620, 1640, 1660, 1680, 1700, 1720, 1740, 1760, 1780, 1800, 1820, 1840, 1860, 1880, 1900, 1920, 1940, 1960, 1980, 2000, 2020, 2040, 2060, 2080, 2100, 2120, 2140, 2160, 2180, 2200, 2220, 2240, 2260, 2280, 2300, 2320, 2340, 2360, 2380, 2400, 2420, 2440, 2460, 2480, 2500, 2520, 2540, 2560, 2580, 2600, 2620, 2640, 2660, 2680, 2700, 2720, 2740, 2760, 2780, 2800, 2820, 2840, 2860, 2880, 2900, 2920, 2940, 2960, 2980, 3000, 3020, 3040, 3060, 3080, 3100, 3120, 3140, 3160, 3180, 3200, 3220, 3240, 3260, 3280, 3300, 3320, 3340, 3360, 3380, 3400, 3420, 3440, 3460, 3480, 3500, 3520, 3540, 3560, 3580, 3600, 3620, 3640, 3660, 3680, 3700, 3720, 3740, 3760, 3780, 3800, 3820, 3840, 3860, 3880, 3900, 3920, 3940, 3960, 3980, 4000],