{"seed": 1, "beta_i": 0.49574451704345013, "beta_f": 0.02859194539867191, "t_iso": 20.0, "t_collapse": 3780.0, "rho_min": 3.2696762035661378, "t_min": 240.0, "ca_final": 0.9252990091315276, "beta_series": [0.0037840871321601494, -0.01791282023769962, 0.11373339730495323, 0.1898327142969351, 0.06464073057105507, -0.14736082641029746, -0.1291042354186542, 0.01589096218901541, -0.06398337831082385, -0.10080881452102027, -0.1958231803062448, -0.06848767237882523, -0.05477534544920601, 0.07392699117476827, -0.2357138623482801, 0.03648180512953128, -0.014364205892873155, -0.04760947108985904, -0.08051744569205246, -0.15264262153699124, 0.0006208957070045207, -0.028459117432855813, -0.23872705942006117, -0.08717044632024457, 0.03921157886933528, -0.08303338518580773, -0.07881028927382756, -0.27099665433676434, -0.027588097616599305, -0.06950591893452404, -0.04512147016435529, -0.0087864906819565, -0.004833161490736482, 0.011418031412288199, -0.017126731341892604, -0.023591001590318184, 0.012240252822578679, -0.3549537196176484, -0.1890320786153125, -0.044859045327864513, -0.08630273778540978, 0.07817392559085655, -0.06151576907804615, 0.024036246266418565, -0.01979296027377403, 0.048550189094816995, 0.13071592666474408, -0.023069888122919074, -0.130909565340183, -0.015342102052747511, 0.01598666659223777, -0.07914711007106477, -0.036127726864972315, -0.3244242965757371, 0.00831414926040236, -0.14819240803591974, -0.02180362890905292, 0.07124879067060454, -0.044622696650360075, 0.04205644960737061, -0.13976692426961435, 0.010647486558348407, -0.03010089773962328, -0.06433463350093835, -0.0812642216150272, -0.016093563453261503, -0.166793539208748, -0.3697566435980567, -0.05219562496679234, -0.03469116714260197, -0.10750324868653795, 0.12977858398703807, -0.0627103605671084, -0.14128353495336377, -0.07006767923680039, -0.12922736215764363, 0.07906171207877769, -0.0137194225200451, 0.027455687004048823, -0.07901812386408094, -0.05450624295687115, -0.0389695657288182, 0.022625568041763397, -0.09896001243829257, -0.018755065412563734, -0.07412356402571373, -0.04481656291268603, 0.08769895057567231, -0.01029551009244413, 0.10187296099949243, 0.10918049628736899, 0.003750801260326897, -0.08145852028072499, 0.01601859015813825, -0.08491984924226607, -0.03536157253226058, 0.08978498403314289, -0.09786992127167064, 0.031103109549822247, 0.12148114751596323, 0.10426764534362142, -0.13197486715029466, -0.010122242730462083, -0.15652875776122782, 0.018928436313883676, -0.08167063717251576, 0.04019516237706336, 0.008894418256862185, -0.1557910887848062, -0.14303866508970903, 0.04657461186697055, -0.20090936285648942, 0.03440571240751637, -0.035080150313269665, 0.05337036755173816, -0.10695675834678703, -0.005738490671235483, -0.20180295857689093, -0.15333832158036553, -0.12211446383266669, 0.06894427316755718, 0.00810191179458293, 0.003702514275230065, -0.017699996135395163, 0.050788253580517445, 0.026217138110309013, -0.03826105756900193, 0.0979604222129003, 0.011244878765708025, -0.07672401313367658, -0.20834096006408254, -0.04765701811476193, 0.02649743508461752, 0.005772228607761248, 0.12084322544838223, -0.015274783468626943, -0.058220669109209644, -0.07283200062282211, -0.046468923613703764, -0.06740321289150297, -0.04844080471885166, -0.0068553360449017525, -0.09288319068148372, 0.007438966251122656, -0.037443370684381, 0.06353505524545029, -0.011838482728170965, -0.03398538913256828, 0.05956741974827781, -0.04902913490982502, -0.02904464223868221, -0.07749848157663022, -0.03821594053923118, -0.04867367702852858, 0.015191082243015505, -0.21517548234327277, -0.20892084887631499, -0.0060489794566961075, 0.042954451244458736, 0.07541186697689747, -0.01074125075711159, -0.035972678308792, 0.048183203621223414, 0.018552701375623912, -0.1374732693911926, -0.07984635785893393, -0.13127380860023039, -0.0457145907021969, -0.06871744346430474, -0.004967426888182247, -0.07268899695657965, -0.003931205172241423, -0.009873234220813959, -0.21774758499959884, 0.00041701226198118113, 0.06589428594146424, -0.11682885532583834, -0.04905697149028644, -0.05176525014684302, 0.058368071457982604, 0.07054297790731665, -0.006910195966732632, -0.31432912919435885, 0.02628254200943335, -0.028727128461769516, -0.0014607114516955039, -0.24348461715110317, 0.07164850385267396, -0.09595996754441086, -0.004655324759293658, -0.02259576904079874, -0.07958150665352601, -0.3333102163731675, -0.04697154680461092, -0.04371697653145129, -0.025080538131244556, 0.010431212557567515, -0.08093384684780286, -0.010298158093079435, 0.02859194539867191], "t_series": [20, 40, 60, 80, 100, 120, 140, 160, 180, 200, 220, 240, 260, 280, 300, 320, 340, 360, 380, 400, 420, 440, 460, 480, 500, 520, 540, 560, 580, 600, 620, 640, 660, 680, 700, 720, 740, 760, 780, 800, 820, 840, 860, 880, 900, 920, 940, 960, 980, 1000, 1020, 1040, 1060, 1080, 1100, 1120, 1140, 1160, 1180, 1200, 1220, 1240, 1260, 1280, 1300, 1320, 1340, 1360, 1380, 1400, 1420, 1440, 1460, 1480, 1500, 1520, 1540, 1560, 1580, 1600, 1620, 1640, 1660, 1680, 1700, 1720, 1740, 1760, 1780, 1800, 1820, 1840, 1860, 1880, 1900, 1920, 1940, 1960, 1980, 2000, 2020, 2040, 2060, 2080, 2100, 2120, 2140, 2160, 2180, 2200, 2220, 2240, 2260, 2280, 2300, 2320, 2340, 2360, 2380, 2400, 2420, 2440, 2460, 2480, 2500, 2520, 2540, 2560, 2580, 2600, 2620, 2640, 2660, 2680, 2700, 2720, 2740, 2760, 2780, 2800, 2820, 2840, 2860, 2880, 2900, 2920, 2940, 2960, 2980, 3000, 3020, 3040, 3060, 3080, 3100, 3120, 3140, 3160, 3180, 3200, 3220, 3240, 3260, 3280, 3300, 3320, 3340, 3360, 3380, 3400, 3420, 3440, 3460, 3480, 3500, 3520, 3540, 3560, 3580, 3600, 3620, 3640, 3660, 3680, 3700, 3720, 3740, 3760, 3780, 3800, 3820, 3840, 3860, 3880, 3900, 3920, 3940, 3960, 3980, 4000],