{"seed": 4, "beta_i": 0.42237696860998464, "beta_f": -0.04742231508444468, "t_iso": 40.0, "t_collapse": 1320.0, "rho_min": 2.4867959858108653, "t_min": 220.0, "ca_final": 0.9266187169198783, "beta_series": [0.22288679049774152, 0.0946338115512756, -0.2550207749504626, 0.05882122859949787, 0.04473838625639756, -0.13047616755693525, 0.006895862086308269, -0.08876303161019468, -0.020176804438907, -0.11072140062305298, -0.04836848482039699, -0.0016382640872206894, -0.2743539398555239, -0.009518571542872376, -0.500653740557197, -0.0764294994495377, -0.09531515961901055, 0.019709483786142, -0.26511854843808647, -0.013553773062022156, -0.087336890745875, -0.12514769416094895, 0.045151672952392585, -0.11954691409012477, -0.05512713711453683, -0.24119880241299327, 0.13507015310436601, 0.03876408179617964, -0.043352399343438194, 0.03177268637744354, -0.13337608025734937, -0.22665099511572995, -0.03748586642096828, -0.016261597720327828, -0.035489097688276516, -0.2885018313884899, -0.024217211035499994, -0.12904446311996232, -0.10318188083622157, -0.049858584793652294, -0.16204419706613998, 0.01634568390480788, 0.03225110604308418, -0.1101270040972878, -0.19958024964722063, -0.098854207053311, -0.1937429590242515, 0.08607747566119092, 0.1247012298749032, 0.08087244991828581, -0.18077995263657887, -0.02484766626841141, -0.009927724674140728, -0.1539271622147707, -0.06318192878163299, -0.03309707066780965, -0.28222927130518205, -0.09680792590169271, -0.03777784858432391, -0.17426846109259064, -0.3805238402907439, 0.0025022363344804344, -0.11426127484246923, -0.10719032596134588, 0.03144723459625605, -0.007131887346786353, 0.0586982408706761, -0.04625864255082378, -0.1394483429619125, 0.026798022733964214, -0.10430521555459299, 0.0512311390573387, -0.1751306313187228, 0.09193945781876389, -0.13474622698623195, -0.005076605017834898, -0.08140284161742997, -0.03502145061926504, -0.021093705963432283, 0.10306901199597181, 0.07815128939397664, -0.2086103370885764, -0.041696365546980294, -0.18110359571795925, -0.026852534405539266, -0.06317976220120529, -0.09232719905371894, -0.021184299740550305, -0.04212805845865275, 0.10410364348637816, 0.042360062853312244, -0.0796720946658389, 0.0013879250065042537, 0.03240554808123297, -0.024472287400083628, -0.023437133261176635, 0.07686429597226214, -0.1354313494918118, -0.08153985958979988, 0.0650457442784932, -0.12590281311265378, -0.12711112027059718, 0.02641146742608555, -0.048958848406472896, -0.13133271843086647, 0.007127862457732351, 0.031178169417330176, -0.019974902038368228, -0.10714830380282608, -0.15817929013508886, -0.019985695550750845, -0.10934088664776631, 0.0694343228227916, 0.018104133896322802, -0.028775915232294474, -0.00167736616558474, 0.01578810450223965, -0.109663191686128, -0.04193896691310972, 0.038324617895833524, -0.0475194565633712, -0.051425669478639996, 0.014221043709292905, 0.030227249754232383, 0.08406654647914959, -0.08310772432919245, -0.0789982378662851, 0.0631497344826201, -0.09389786289559798, 0.023447478442116865, -0.05709250953914906, -0.11554036184131149, -0.02781015762566573, -0.04267224441035754, -0.05542704759425965, -0.046309417352204674, 0.014292206594187076, -0.005170386803944743, 0.021768224556563645, 0.01944398918219592, -0.04109865097502788, -0.06686962568181264, 0.028400333125147267, -0.08689781103322969, -0.05306802366899235, 0.006414975036280843, 0.06487143515367016, 0.0018529752828679719, -0.04788426994712176, -0.04270291959046052, 0.11785083269346883, -0.02668354509391907, 0.01411407258023542, -0.1473474985734728, -0.01445992802110066, -0.12077976883127346, 0.05356205441428659, -0.005682802777139839, -0.07916343784748141, -0.017525944683043068, -0.08702736865469766, -0.045494996398199344, -0.07994620793951902, -0.06559799584825304, 0.04496554707131123, -0.0017572758652276282, -0.0170623066802056, -0.25512922792481396, -0.13162422075753993, -0.11827741644264722, 0.007228002880525428, 0.025653615730383827, -0.037552643036999955, 0.05184227729481554, 0.02271344064436398, 0.04024004155882198, -0.036680401070832785, 0.13793869287647637, -0.010150625716515121, -0.035349361632491985, 0.0361989508637732, -0.1098872427225124, -0.05853646122917602, -0.024169057506193914, -0.07589051564467379, 0.06035999739206259, -0.15164851614685668, 0.020017422204058305, -0.021342307290882004, -0.11856826455079297, -0.0843998822390437, -0.10033814679165083, 0.00620413106731392, 0.04152807022151611, -0.03172099574477864, 0.04735638951724064, -0.13800472208049613, -0.08287317241389275, 0.021380661847795038, -0.04742231508444468], "t_series": [20, 40, 60, 80, 100, 120, 140, 160, 180, 200, 220, 240, 260, 280, 300, 320, 340, 360, 380, 400, 420, 440, 460, 480, 500, 520, 540, 560, 580, 600, 620, 640, 660, 680, 700, 720, 740, 760, 780, 800, 820, 840, 860, 880, 900, 920, 940, 960, 980, 1000, 1020, 1040, 1060, 1080, 1100, 1120, 1140, 1160, 1180, 1200, 1220, 1240, 1260, 1280, 1300, 1320, 1340, 1360, 1380, 1400, 1420, 1440, 1460, 1480, 1500, 1520, 1540, 1560, 1580, 1600, 1620, 1640, 1660, 1680, 1700, 1720, 1740, 1760, 1780, 1800, 1820, 1840, 1860, 1880, 1900, 1920, 1940, 1960, 1980, 2000, 2020, 2040, 2060, 2080, 2100, 2120, 2140, 2160, 2180, 2200, 2220, 2240, 2260, 2280, 2300, 2320, 2340, 2360, 2380, 2400, 2420, 2440, 2460, 2480, 2500, 2520, 2540, 2560, 2580, 2600, 2620, 2640, 2660, 2680, 2700, 2720, 2740, 2760, 2780, 2800, 2820, 2840, 2860, 2880, 2900, 2920, 2940, 2960, 2980, 3000, 3020, 3040, 3060, 3080, 3100, 3120, 3140, 3160, 3180, 3200, 3220, 3240, 3260, 3280, 3300, 3320, 3340, 3360, 3380, 3400, 3420, 3440, 3460, 3480, 3500, 3520, 3540, 3560, 3580, 3600, 3620, 3640, 3660, 3680, 3700, 3720, 3740, 3760, 3780, 3800, 3820, 3840, 3860, 3880, 3900, 3920, 3940, 3960, 3980, 4000],