{"seed": 3, "beta_i": 0.4778841034407578, "beta_f": -0.12011053637011633, "t_iso": 20.0, "t_collapse": 1540.0, "rho_min": 2.164433543205753, "t_min": 160.0, "ca_final": 0.9473276021314615, "beta_series": [0.07235254328127039, -0.08826402062355414, 0.03897071015369122, -0.2965135092022607, -0.13097657119979034, 0.02355111582472423, 0.033125655872810245, 0.032399032375670045, -0.22830936275427405, -0.3187804090086956, 0.004587664134063613, 0.006301615876072253, 0.12070543095056022, -0.08789845111541358, -0.0988182754004347, -0.07242900465774527, -0.10162499963426001, -0.046181108069716745, -0.01058941699886562, -0.10425983422362302, -0.1053361336614237, 0.0034491783929876535, -0.1561723429617734, -0.18062509094068377, 0.0917344842409934, 0.0669098119226812, -0.13332696672728173, -0.055177631013950984, -0.1479161531723998, 0.10563609600894008, -0.3539564888342148, 0.012414383707112717, -0.05418216074739177, 0.018611047860183236, -0.06310899797072972, 0.048109549359444254, -0.10920073644476529, -0.0666883510893618, 0.06071814719435471, -0.00015962877953806798, -0.07752242283780097, -0.03802941517053403, -0.05639723189497048, -0.15907488021514987, 0.010957580639895687, -0.0995259597171146, -0.27845008523168924, 0.00951516429123929, 0.023840934215379375, 0.04106174428953524, 0.024985560446061747, -0.16837667657611827, 0.008814289616038126, -0.08091845102049706, -0.0802257206636158, -0.21940644767858142, -0.0470749778196802, -0.027652997218660727, -0.197981476587194, 0.12014851165640067, -0.09695593537406968, -0.04880985378382792, 0.04499251551087888, -0.023915302918804754, 0.05292387410575296, 0.06384759859259086, 0.02739518079274933, 0.04879771635228869, -0.01411527858639082, -0.06390667966295807, 0.02297128177134561, -0.07335947392221459, -0.08913409924617167, 0.008729677921319332, -0.12174753378370415, 0.03198792878945343, 0.07682657603076794, 0.015636255359168225, -0.05282282135206362, -0.07686019366119483, -0.02047584128950343, -0.0579591102882783, 0.009460355402921186, -0.08789165896665442, -0.02046154288595367, -0.16163599709592474, -0.017946147215254837, -0.17588315140335148, -0.033952212460397174, -0.16750899397953786, -0.02806855088039839, -0.0449210350155978, -0.09654826599052518, -0.10711045507950803, -0.04647673261536242, -0.03184534508866421, 0.08619563525205529, -0.03875389016947134, 0.07295113070554221, -0.049382919087802485, -0.025010572881660656, -0.010445498371981332, -0.07351937681143669, 0.0668875622725657, -0.010695655062161316, 0.01233451298561447, -0.03924001121164433, 0.04775609001750354, -0.008363628310523091, -0.023244294122237538, 0.02039507115439096, -0.07964725361283148, -0.01466400325923349, 0.08485119759103216, 0.009693748850803555, -0.024708070828029685, 2.822660043230729e-05, 0.03073017345805401, -0.009364578432138754, -0.017583515444154985, -0.03798954117226186, -0.051513657888010905, -0.08533765924957312, 0.03600957575983017, -0.010100722357280795, 0.03056268466000331, -0.020013825971633217, -0.029442648045328493, -0.11969529858264893, -0.005499177504129496, -8.820104110485172e-05, 0.031098047810252064, -0.009470920244139758, -0.09708210376785496, 0.006033867909831639, 0.050061813940625075, -0.036462675672693276, -0.013682410056195832, -0.044314353114316835, -0.01354535310397563, -0.004762822078110254, -0.024831592072922418, 0.028533729437000388, -0.04442423792268825, -0.05462136586756895, -0.15932913506958718, -0.07558831308207524, 0.03560953430776502, -0.06008914157317005, -0.046581541503287666, -0.06915505039093088, -0.06614498999821015, -0.002889487262599147, -0.07863449320066195, 0.037679580533236584, 0.06656373541088884, 0.01568499269234322, -0.09709569926582548, 0.03549514887697054, 0.12300094126946019, 0.03788696505555621, 0.11105546327632285, 0.008085440023158474, 0.015177290811531158, -0.037119206413943104, -0.023589203215174992, -0.0847380727532251, -0.031493963680641376, -0.17216712136604012, -0.01369065410182474, -0.08589507984217719, -0.002984965328592201, -0.01382887474533534, -0.06541129227073411, 0.0437175471139567, 0.04072116917135778, -0.11640034496015898, 0.037295973329769694, -0.02964614979560004, -0.08202480553252915, 0.0493102287855362, -0.016565605602195957, -0.1189818857972478, 0.02353694281324012, -0.057267965900167625, -0.05815565486209194, 0.0869855671051615, 0.02665360515066703, 0.10209620648422275, -0.08011737510696187, 0.019884016481055714, -0.15847067828796912, 0.04732013112232117, 0.053946235268177184, -0.03361831567385749, 0.012595511747951593, -0.023610615804426763, 0.0047967968701662644, -0.016426730012051458, -0.12011053637011633], "t_series": [20, 40, 60, 80, 100, 120, 140, 160, 180, 200, 220, 240, 260, 280, 300, 320, 340, 360, 380, 400, 420, 440, 460, 480, 500, 520, 540, 560, 580, 600, 620, 640, 660, 680, 700, 720, 740, 760, 780, 800, 820, 840, 860, 880, 900, 920, 940, 960, 980, 1000, 1020, 1040, 1060, 1080, 1100, 1120, 1140, 1160, 1180, 1200, 1220, 1240, 1260, 1280, 1300, 1320, 1340, 1360, 1380, 1400, 1420, 1440, 1460, 1480, 1500, 1520, 1540, 1560, 1580, 1600, 1620, 1640, 1660, 1680, 1700, 1720, 1740, 1760, 1780, 1800, 1820, 1840, 1860, 1880, 1900, 1920, 1940, 1960, 1980, 2000, 2020, 2040, 2060, 2080, 2100, 2120, 2140, 2160, 2180, 2200, 2220, 2240, 2260, 2280, 2300, 2320, 2340, 2360, 2380, 2400, 2420, 2440, 2460, 2480, 2500, 2520, 2540, 2560, 2580, 2600, 2620, 2640, 2660, 2680, 2700, 2720, 2740, 2760, 2780, 2800, 2820, 2840, 2860, 2880, 2900, 2920, 2940, 2960, 2980, 3000, 3020, 3040, 3060, 3080, 3100, 3120, 3140, 3160, 3180, 3200, 3220, 3240, 3260, 3280, 3300, 3320, 3340, 3360, 3380, 3400, 3420, 3440, 3460, 3480, 3500, 3520, 3540, 3560, 3580, 3600, 3620, 3640, 3660, 3680, 3700, 3720, 3740, 3760, 3780, 3800, 3820, 3840, 3860, 3880, 3900, 3920, 3940, 3960, 3980, 4000],