{"seed": 2, "beta_i": 0.2136781051424524, "beta_f": 0.05336077172850101, "t_iso": 40.0, "t_collapse": 1620.0, "rho_min": 2.026278210660705, "t_min": 200.0, "ca_final": 0.9361970028627364, "beta_series": [0.13001346502176853, -0.0387926943332578, 0.058851196357900176, -0.015633450038543578, -0.003715739560300274, -0.18020697682338194, -0.11077508725636474, -0.0046292909242001, -0.19329545076378432, -0.04678296644223745, -0.1572450427053558, -0.06330892852816716, -0.4740945355856577, -0.007517469296079798, -0.06034405569802595, -0.1914810438095097, -0.22768611736077848, -0.14369288067132535, -0.24702902921396352, 0.04112432149525268, -0.3392306496846833, -0.16385561627689738, 0.03227085622734456, -0.19151909687585514, -0.12842191591840485, 0.04457733423869925, -0.09789761761985691, -0.12118970076932782, 0.030012023356980735, -0.022479841840655698, -0.1735091337113562, -0.09744379513105919, -0.16434147378963865, -0.308003003885056, -0.049312474463187844, 0.06822254782845279, -0.10690850457323148, -0.1433303840196214, -0.023384544100733165, -0.04826199289638643, -0.02045011678595504, 0.0052427096522248, 0.16582923562790086, -0.02017626548235668, -0.12179247685988119, 0.08790801131636575, 0.020956397034104707, -0.03164462731226962, -0.19329370882679356, -0.22264691009645923, 0.01711645503765144, -0.13102442564352912, -0.1639982853123539, 0.008589615951539453, -0.29379443902814856, -0.008428504723759014, -0.30731935600715293, -0.1106967287964667, -0.17341928012687405, -0.07218491022523899, -0.23467794111930967, 0.11634302832790762, 0.14297297914178242, -0.16035622894586973, 0.08234388167980737, -0.042852476015706825, 0.08921623015198875, 0.013870449015863276, 0.05014522968920815, -0.031647716766115386, -0.01420552207206692, -0.14322051340724556, -0.008083583982440828, -0.050490531999458355, -0.01169601500914802, -0.02735123335699055, -0.04399846637594801, -0.13264612533936918, -0.04938344038085521, -0.11588187184382029, -0.05281047071996402, 0.044212848822502857, -0.12267189596226981, 0.053376720866887356, -0.09662252872730683, -0.0034701907994832, 0.024841326372308042, -0.06592029742100045, -0.0658016409351232, -0.010176530198971162, -0.15976503160804742, 0.026280953022683948, -0.009207016154602274, -0.08885710303725712, -0.058782496091887, -0.023857015983039007, -0.07302854688093903, -0.06927701321227671, 0.044758286386277796, -0.11892568132518672, 0.10377585082469641, -0.16444247672140921, 0.15220924889569099, -0.1530310241793035, -0.13684985475640862, 0.07775439581679258, 0.030178221915851997, -0.07977247505303925, -0.15179559624865552, -0.0791252119526992, -0.10883982793528571, -0.02156211653862443, -0.10308408004891356, -0.08794221396413743, -0.1083118551492723, -0.04093862315669386, 0.048351085272799396, -0.14349744511590645, 0.03735583514876299, -0.06133289670022862, -0.0884943724004301, -0.07373872635285897, -0.18316462267957379, -0.00368311501581034, -0.12248387621716568, -0.006356086625261256, -0.03325262357671936, -0.018067852073228655, -0.04642633184096681, 0.0003973040939529854, -0.021262776051313798, 0.07238189491281988, 0.04788592042515227, -0.11380930363936671, 0.004519977728794228, -0.12969844368946576, -2.7972267718501254e-06, 0.09517032068914338, 0.10212969697006469, -0.007789868106499079, -0.03812291055575674, 0.04168801066029883, -0.045861755943156446, 0.007592529472250753, -0.11185821595512255, 0.03626964195010153, -0.08595804262160725, -0.023220151607323852, 0.06040648793220749, -0.13943161316545027, -0.00666679262139519, -0.009674492305466381, -0.05660401257174334, -0.09420001338948723, -0.06710730038844331, 0.024997763488922492, -0.05059388820337436, -0.016069202795324145, 0.035625604878316494, 0.0003100868466287543, -0.059040442447975974, -0.21041694479551118, 0.055105102988765586, 0.03548435547574551, 0.06960859104742112, -0.07417161991463568, -0.13486230975276836, -0.04592926555662162, -0.04096534207420406, -0.042109251213954826, -0.12960248613626424, -0.1360377805922231, -0.0051983902858488, 0.053897543502426176, 0.0783966617273868, 0.13518841932562828, -0.12364040818824591, -0.1309991366918892, -0.05329228311154777, -0.12920943442846983, 0.03598695310112618, -0.04164622797435942, -0.02629856578013083, 0.0454048256670109, 0.058774327355271716, -0.019016981843821418, 0.056366091356946785, 0.002542299508355883, 0.02834763366440944, -0.02923262030563853, 0.13217530578360986, 0.09708568706599355, -0.08343797276198109, -0.14593641145884856, -0.07189529220263333, -0.035126452412141365, -0.153543545281399, 0.06864114668363817, 0.013245731265382046, 0.05336077172850101], "t_series": [20, 40, 60, 80, 100, 120, 140, 160, 180, 200, 220, 240, 260, 280, 300, 320, 340, 360, 380, 400, 420, 440, 460, 480, 500, 520, 540, 560, 580, 600, 620, 640, 660, 680, 700, 720, 740, 760, 780, 800, 820, 840, 860, 880, 900, 920, 940, 960, 980, 1000, 1020, 1040, 1060, 1080, 1100, 1120, 1140, 1160, 1180, 1200, 1220, 1240, 1260, 1280, 1300, 1320, 1340, 1360, 1380, 1400, 1420, 1440, 1460, 1480, 1500, 1520, 1540, 1560, 1580, 1600, 1620, 1640, 1660, 1680, 1700, 1720, 1740, 1760, 1780, 1800, 1820, 1840, 1860, 1880, 1900, 1920, 1940, 1960, 1980, 2000, 2020, 2040, 2060, 2080, 2100, 2120, 2140, 2160, 2180, 2200, 2220, 2240, 2260, 2280, 2300, 2320, 2340, 2360, 2380, 2400, 2420, 2440, 2460, 2480, 2500, 2520, 2540, 2560, 2580, 2600, 2620, 2640, 2660, 2680, 2700, 2720, 2740, 2760, 2780, 2800, 2820, 2840, 2860, 2880, 2900, 2920, 2940, 2960, 2980, 3000, 3020, 3040, 3060, 3080, 3100, 3120, 3140, 3160, 3180, 3200, 3220, 3240, 3260, 3280, 3300, 3320, 3340, 3360, 3380, 3400, 3420, 3440, 3460, 3480, 3500, 3520, 3540, 3560, 3580, 3600, 3620, 3640, 3660, 3680, 3700, 3720, 3740, 3760, 3780, 3800, 3820, 3840, 3860, 3880, 3900, 3920, 3940, 3960, 3980, 4000],