{"seed": 3, "beta_i": 0.31185088717939685, "beta_f": -0.0784611590609169, "t_iso": 20.0, "t_collapse": 1260.0, "rho_min": 3.407831536111186, "t_min": 200.0, "ca_final": 0.9362306494692544, "beta_series": [-0.06276654579526811, 0.006364845252578827, -0.10001320853303024, 0.005734281690271473, -0.012356605383443006, -0.20702565658356942, 0.10202761110168761, -0.048896078927041814, -0.19002078135929457, 0.022350623731829278, -0.13956433817978092, 0.05245532365502058, -0.015196100669894907, -0.07443481420246842, -0.0650831248640561, -0.015030054414790162, -0.22457266687180277, 0.0689293308259493, -0.06464124444588328, 0.09182052790408762, 0.1164795175345353, 0.09494519387278348, -0.03212020475304547, 0.018182250977236705, -0.07310890898429247, -0.04260818716533066, -0.029911479774247116, 0.028635889354724622, -0.1383312211020894, 0.017221944066085237, -0.2979239164334997, -0.1289799364384644, -0.020850553460623963, -0.06452914632158764, -0.04071201891312008, -0.077410203281912, -0.21508842966057407, 0.003455397590259618, -0.01118715200962711, 0.06829411140936868, -0.017656652010564863, -0.2429483924383809, -0.29188120421111513, -0.09032020507904838, -0.014676046633446058, -0.10476238231231878, -0.1644914250369386, -0.23419917149151603, 0.07228601463556684, 0.15549047748508082, -0.11302802576504456, -0.042788169293331346, -0.07720388057755186, -0.0771490384345883, -0.04235641868408199, -0.049254287564930124, -0.1135593942502185, 0.037301472963502155, -0.04639628307593989, -0.049942510366841136, 0.009751517298476328, -0.13764680605211604, -0.11598353416875216, -0.17307777515361467, -0.0722569919738548, 0.05967740461231641, -0.14292123055982847, 0.019461453922843555, -0.09660984399627347, -0.021714980124463157, -0.031716049888370304, -0.12237952844248633, -0.09397038166819477, -0.09163993450432643, -0.04030868599667656, -0.09230474233096639, -0.17084532632258992, -0.08619111450309358, -0.0688347574358584, -0.03234058380699252, 0.0509577095357083, -0.0058606913254839604, 0.08141963223983557, -0.11875870899015603, -0.07339790583577938, -0.0027179625032579258, 0.011498021033151062, -0.22225536706321758, -0.02270376902165995, -0.04321365700586208, -0.08078151994737605, -0.04213034964526828, 0.004711954806649266, -0.01370246340382987, 0.004151416392979723, -0.05728246703615007, -0.12379571487494644, -0.09436724856077035, 0.08700134330134662, 0.0023834413402307325, -0.010470528750044714, 0.1252435780164861, -0.008011486049396124, -0.028179516893499207, 0.0010763831109242006, -0.0321065985840097, -0.055483266730351435, -0.008524918319983046, 0.019020953550102984, -0.07615630628527563, 0.03127514905815927, -0.004375999680842846, 0.09522464454219459, -0.019202146534672504, 0.06105709113376566, 0.03498132022073619, -0.116563629891882, -0.19863220325322417, -0.08745707584464164, -0.0236540441068452, -0.1677091576103948, 0.062360918835639545, 0.06939058390577055, -0.04281834403219638, -0.04219679850711196, -0.04412001942131906, -0.05498133612003206, 0.07522813513657606, 0.007372829906903508, 0.004537318836647222, -0.02685433833819717, 0.01497750021069491, -0.027927540004378068, -0.16360817862914562, -0.013688051561561332, -0.028976577440425227, -0.007217794455314577, -0.15549801010028913, 0.08784626429719435, 0.007904716989107441, -0.027485908953653437, -0.057131980018875456, 0.07176150004025623, 0.05997602794958799, 0.024122626127890318, -0.033003258988836215, -0.049621265571661535, -0.0687947215272245, -0.10995019132963604, -0.03862127574388251, -0.16494964432805503, -0.08238094458377944, 0.03752259622681911, -0.03273833695359413, 0.026768582195531465, -0.12621224507069007, 0.011890126710100993, -0.02962484456740537, 0.010052177140158894, -0.057305336935976295, 0.006085094322478571, -0.06389174537045637, -0.1086676127095175, -0.05781656943736546, -0.017375042824301176, -0.039578827498724434, 0.013540174841517622, 0.004448055323416217, 0.028087326970378107, -0.09387305579685568, -0.025271281549585203, 0.01909051747698906, 0.01809049707261072, 0.005541352270711619, -0.19354801341421582, 0.002934700422983161, 0.030334542089363384, -0.052767119684689265, 0.028280731606619883, 0.04747017379004381, -0.012882962967942294, 0.046552320320128876, -0.058190406711156065, -0.023864571628077633, -0.10694956888958755, -0.04313049713372252, -0.026134373676258565, -0.03316388658360728, -0.06471738842391707, -0.08931516686809378, 0.04139463286765564, -0.07638813568524921, 0.015785352803087363, -0.04354361112764425, -0.05174238282123915, -0.01429514022833904, 0.002589142245593326, -0.04883283563846327, -0.13828119821419513, -0.0784611590609169], "t_series": [20, 40, 60, 80, 100, 120, 140, 160, 180, 200, 220, 240, 260, 280, 300, 320, 340, 360, 380, 400, 420, 440, 460, 480, 500, 520, 540, 560, 580, 600, 620, 640, 660, 680, 700, 720, 740, 760, 780, 800, 820, 840, 860, 880, 900, 920, 940, 960, 980, 1000, 1020, 1040, 1060, 1080, 1100, 1120, 1140, 1160, 1180, 1200, 1220, 1240, 1260, 1280, 1300, 1320, 1340, 1360, 1380, 1400, 1420, 1440, 1460, 1480, 1500, 1520, 1540, 1560, 1580, 1600, 1620, 1640, 1660, 1680, 1700, 1720, 1740, 1760, 1780, 1800, 1820, 1840, 1860, 1880, 1900, 1920, 1940, 1960, 1980, 2000, 2020, 2040, 2060, 2080, 2100, 2120, 2140, 2160, 2180, 2200, 2220, 2240, 2260, 2280, 2300, 2320, 2340, 2360, 2380, 2400, 2420, 2440, 2460, 2480, 2500, 2520, 2540, 2560, 2580, 2600, 2620, 2640, 2660, 2680, 2700, 2720, 2740, 2760, 2780, 2800, 2820, 2840, 2860, 2880, 2900, 2920, 2940, 2960, 2980, 3000, 3020, 3040, 3060, 3080, 3100, 3120, 3140, 3160, 3180, 3200, 3220, 3240, 3260, 3280, 3300, 3320, 3340, 3360, 3380, 3400, 3420, 3440, 3460, 3480, 3500, 3520, 3540, 3560, 3580, 3600, 3620, 3640, 3660, 3680, 3700, 3720, 3740, 3760, 3780, 3800, 3820, 3840, 3860, 3880, 3900, 3920, 3940, 3960, 3980, 4000],