{"seed": 3, "beta_i": 0.3970775628308216, "beta_f": 0.03389339416364495, "t_iso": 20.0, "t_collapse": 1280.0, "rho_min": 3.223624426051122, "t_min": 200.0, "ca_final": 0.9049729655255422, "beta_series": [-0.10330387173618966, 0.06210610979761022, -0.14237877165339743, -0.3091054701884005, 0.008928325726663175, -0.13741255657484006, 0.06562905381645594, -0.11284179297554742, -0.2734857191245785, -0.2020431235761341, -0.11732290798125405, -0.013274279305835662, -0.06895910319125878, -0.02706822030399053, -0.017388865559550493, -0.15244919416935493, -0.11333862037655726, -0.02539485793330873, -0.10644662868079403, -0.05868078605920632, -0.0728479852200778, -0.2211878583402111, -0.17652122678284615, -0.2886697604157985, -0.07497166353317034, 0.0554431563090733, -0.01158199123660933, -0.30394170780851115, -0.032716945535556374, 0.041457589610118556, -0.07275677638833379, -0.11421605403733673, -0.036907049834376204, 0.04204451822097788, -0.1841342775312163, -0.3516335268874078, -0.41506205722305745, -0.342597744324931, -0.182717216057632, -0.18129609292701, -0.010228083152720557, -0.006167152464477729, -0.023870115969909844, -0.1706880148868038, -0.02655405458755611, -0.026088103617170177, -0.06577140525389591, -0.033031164396017165, -0.01220700644172494, -0.00526367476865694, -0.03740763114613656, -0.253005863577075, -0.1438940677615077, 0.0497883584288316, 0.019908967221578575, -0.10058520534555843, 0.10116909558645654, 0.010549787778506542, -0.030449746094002667, -0.14476962399651183, -0.10504286806658243, -0.012292016573925188, -0.03177893306275442, -0.11683928238893902, -0.09777180812019945, 0.04538734201424961, -0.024049534432694752, -0.034034584177218774, -0.05965301032996602, -0.006740337610760039, -0.12182251699466676, -0.06758462222423194, -0.0031564660792397087, 0.06834226951227827, -0.026280543228161826, -0.04732155666517464, 0.009283154404057678, -0.0756669275513343, 0.030899224391307975, -0.05797519038026136, -0.0036996659073357946, -0.04797029800730164, -0.04637101956697212, -0.025148476200450604, 0.04719872084677146, 0.047167324130067204, -0.08091002439178362, -0.040178388118218875, -0.06766033328530274, 0.011065512064275917, -0.009561405858358227, -0.01928980493768888, -0.015153882525333548, 0.010008704219090045, -0.10911302699430771, -0.02588421800695291, 0.0447519550293817, 0.05246148867104322, -0.03718169302796073, 0.04454808108681796, -0.06425596491816236, -0.035892914234983, -0.17183246907245264, -0.04648043300713803, -0.10131583921884467, 0.01712544208350794, -0.07754291410536113, 0.026708140911440692, -0.04098958805985674, -0.020278552300626473, -0.025398174785870267, -0.07720796568019372, -0.07027232021286386, -0.0199606424206569, -0.10146048791152822, 0.1318134159903073, 0.020560157674417587, 0.012861847366576348, -0.07110553653360221, -0.03192609107707302, -0.06796812197315977, 0.013435553818769305, 0.03243897423706041, -0.04417887145046383, -0.05658529114385644, -0.08729538849388105, 0.05656250778005252, -0.047614620846259045, -0.13987172767260891, -0.014601507808007883, 0.055849511374294794, -0.05835461544960156, -0.07341167991093853, 0.009243430675308292, -0.07738623305887488, 0.04722237120660533, 0.0474800101008233, -0.06252615639608984, -0.09282026508943612, 0.04163825168498207, -0.050969066812767194, -0.0014843755622496319, 0.13003127361703695, 0.03941401161400038, -0.10418427849144853, -0.014134788184347047, -0.1169654999089856, -0.09303913205290446, -0.10856948047007983, -0.009434773779085887, -0.03408132166886674, 0.04145497354239801, -0.031024380904022097, -0.018160392293985167, -0.059438071541646945, 0.03179684595895624, 0.12854640365852843, -0.07116418803195618, -0.08854870029725685, -0.06218309831787214, 0.0036986447132829475, -0.16009242928330736, 0.061297202850242996, -0.03974140655309025, -0.040139226247550924, -0.0020313578227266205, 0.015938298942423226, -0.05154537096984503, 0.06569080322503464, 0.057099883814038355, -0.03971776499565913, 0.0915746041315593, 0.0465884118099143, -0.03830548441900934, 0.0030891264636764976, -0.02713430700239175, -0.08005635468178925, 0.0049410262411561795, -0.12810920337908535, -0.08384168311405661, 0.02950438723929545, 0.000584405834054294, -0.16209519479910717, 0.021437911481116942, 0.022423455132796727, -0.02522017482460366, -0.048046179841129966, 0.06204257543577191, -0.019207208144056617, 0.03291944424849984, -0.03258220200721203, -0.02735373932502695, -0.020061527482810815, -0.08503486202591884, -0.09263921430273651, -0.07257356841493141, -0.008479245440858735, 0.03903843017464366, -0.07350083618067574, 0.03389339416364495], "t_series": [20, 40, 60, 80, 100, 120, 140, 160, 180, 200, 220, 240, 260, 280, 300, 320, 340, 360, 380, 400, 420, 440, 460, 480, 500, 520, 540, 560, 580, 600, 620, 640, 660, 680, 700, 720, 740, 760, 780, 800, 820, 840, 860, 880, 900, 920, 940, 960, 980, 1000, 1020, 1040, 1060, 1080, 1100, 1120, 1140, 1160, 1180, 1200, 1220, 1240, 1260, 1280, 1300, 1320, 1340, 1360, 1380, 1400, 1420, 1440, 1460, 1480, 1500, 1520, 1540, 1560, 1580, 1600, 1620, 1640, 1660, 1680, 1700, 1720, 1740, 1760, 1780, 1800, 1820, 1840, 1860, 1880, 1900, 1920, 1940, 1960, 1980, 2000, 2020, 2040, 2060, 2080, 2100, 2120, 2140, 2160, 2180, 2200, 2220, 2240, 2260, 2280, 2300, 2320, 2340, 2360, 2380, 2400, 2420, 2440, 2460, 2480, 2500, 2520, 2540, 2560, 2580, 2600, 2620, 2640, 2660, 2680, 2700, 2720, 2740, 2760, 2780, 2800, 2820, 2840, 2860, 2880, 2900, 2920, 2940, 2960, 2980, 3000, 3020, 3040, 3060, 3080, 3100, 3120, 3140, 3160, 3180, 3200, 3220, 3240, 3260, 3280, 3300, 3320, 3340, 3360, 3380, 3400, 3420, 3440, 3460, 3480, 3500, 3520, 3540, 3560, 3580, 3600, 3620, 3640, 3660, 3680, 3700, 3720, 3740, 3760, 3780, 3800, 3820, 3840, 3860, 3880, 3900, 3920, 3940, 3960, 3980, 4000],