{"seed": 4, "beta_i": 0.23296833068944525, "beta_f": -0.19143712903586468, "t_iso": 20.0, "t_collapse": 1460.0, "rho_min": 2.2104853207207693, "t_min": 220.0, "ca_final": 0.9265055344777239, "beta_series": [0.07047890778287651, -0.13754065061152254, 0.07711657863529597, -0.08767691624954524, 0.04920332186620366, -0.006347675044782217, 0.09156572749853108, 0.023979259973948827, -0.09848449763062612, 0.10819671701820965, -0.08829783739511574, -0.08470416649037565, -0.08888774908494511, -0.06946259881146968, 0.059790947689073976, 0.03892065619009455, -0.5217264403890524, -0.08200255422431746, -0.2859573710937505, -0.13523026498891128, -0.09413269325301628, 0.020315759768203642, -0.03792668094291243, 0.002832876599853304, 0.007336199662615589, -0.21579062813510552, -0.10412406771706023, -0.052388187143691534, -0.10361382322580809, 0.2357305659752404, 0.03255462686669339, -0.19881937107370046, 0.03684905194204392, -0.22360124988226457, -0.06678187661251739, 0.013823915941336959, -0.01911877109367928, -0.13006684027858856, 0.038465394052347834, -0.104872360350933, 0.06195866391295196, 0.07899503723752929, -0.026472079249323224, -0.06420522927754348, -0.27943400006111113, 0.06521311709630101, 0.006397288622793748, -0.14698493591081702, -0.1338887021311036, -0.10988966328379962, -0.10953081151456695, -0.05259487411167661, -0.046186714035146625, -0.07148283677851294, 0.03833265978672075, 0.019921616191139524, -0.24039290957728118, 0.1266760558499399, -0.03438740156611658, -0.03163411004630835, -0.05897666319209681, -0.17542863679248602, -0.06604250813437997, -0.031604684510226994, -0.019329153251084835, -0.06805710582033851, 0.016030914558114853, -0.19783827274410343, -0.23173584678248443, 0.08125449472579019, -0.04013820318651551, 0.1297660640407537, -0.12958440462186255, -0.008308426672242658, -0.08219550780658862, -0.0005495775228597372, -0.08786268890641949, -0.38044880358765376, 0.03657662442860425, -0.09015143706988103, 0.03263012553822574, -0.006149751421822849, -0.060029321590198276, -0.02741266247082759, -0.1461159437513061, -0.2070257641160711, -0.1599298903115748, -0.046172594510843046, -0.16650237330298612, -0.17735100559933864, 0.034263222966252546, 0.09492999990792607, -0.009818140086479257, -0.005002482427785573, 0.006489756132483815, 0.011998388480669878, -0.1529632355225099, -0.0667038121190854, 0.017413796897640277, 0.047850063802722054, -0.03409167659275221, -0.07286841433134017, -0.10434204193563396, -0.1340127300835969, -0.039167599527503746, -0.010689757500899053, -0.15249510847506909, -0.02209016590399325, -0.010996575716834114, -0.10886979096230794, 0.0020188792817884132, 0.04046078976944234, -0.000631142106318136, -0.11507643770993448, -0.12376811012509807, 0.0032474646023236825, -0.08921715962777495, 0.059443386452608896, 0.0346835550046269, -0.022878274014168587, -0.02776558332712964, 0.004623905818069263, 0.020879181153780527, -0.15708362124244918, -0.18298637181659072, -0.05966127784516878, 0.054714504174143155, -0.039962624310805564, -0.08088877298871147, -0.09178480370488847, -0.08614256971896891, -0.05278253440037828, -0.1373716281466414, 0.02700570592521677, 0.0722492923460081, 0.015196159417732807, 0.004840711461278666, -0.08816935542035112, -0.02247198630044532, 0.12303750728752827, -0.011159654291188106, -0.033099737753271685, -0.025091895392207395, -0.014061735958933785, 0.03720881210536109, 0.05234536890934095, -0.10303003716878249, 0.0173476738899062, -0.032899514631308635, 0.060298229305597806, 0.018522479797643376, -0.10320966879318641, 0.011209484311588927, -0.05034730137158462, -0.09685892363346352, -0.0586949242191146, -0.17654747437281326, 0.0014524335204652156, -0.08242401503251907, 0.021892933072242673, 0.018067846297607215, -0.004990262974023246, 0.12276872726165167, -0.007338316477159185, 0.03962816176405011, 0.004386071148224702, 0.03147474020842715, -0.0643313087528879, -0.14297643348351852, 0.056402491780387684, 0.023538712049159777, 0.05415476776411558, 0.011986953860901164, 0.07553134674369918, -0.045959620198167336, 0.02040582822087314, -0.00452568354646031, -0.0783445282198519, 0.07555481426695268, -0.02480072845633137, -0.06617275358988314, -0.033150869301437236, -0.0055301388023586, -0.12417490644307873, -0.002388848693010759, -0.006595688248748538, -0.13254662903746062, -0.027400810062646594, -0.03242791305045105, 0.007422159253178198, 0.00824511961293195, -0.05049345972903607, 0.013782952248569458, -0.021573479224723566, -0.018979355003093556, -0.0004875822758875076, -0.056749879568466624, -0.11253467570830816, -0.018941328033806465, -0.19143712903586468], "t_series": [20, 40, 60, 80, 100, 120, 140, 160, 180, 200, 220, 240, 260, 280, 300, 320, 340, 360, 380, 400, 420, 440, 460, 480, 500, 520, 540, 560, 580, 600, 620, 640, 660, 680, 700, 720, 740, 760, 780, 800, 820, 840, 860, 880, 900, 920, 940, 960, 980, 1000, 1020, 1040, 1060, 1080, 1100, 1120, 1140, 1160, 1180, 1200, 1220, 1240, 1260, 1280, 1300, 1320, 1340, 1360, 1380, 1400, 1420, 1440, 1460, 1480, 1500, 1520, 1540, 1560, 1580, 1600, 1620, 1640, 1660, 1680, 1700, 1720, 1740, 1760, 1780, 1800, 1820, 1840, 1860, 1880, 1900, 1920, 1940, 1960, 1980, 2000, 2020, 2040, 2060, 2080, 2100, 2120, 2140, 2160, 2180, 2200, 2220, 2240, 2260, 2280, 2300, 2320, 2340, 2360, 2380, 2400, 2420, 2440, 2460, 2480, 2500, 2520, 2540, 2560, 2580, 2600, 2620, 2640, 2660, 2680, 2700, 2720, 2740, 2760, 2780, 2800, 2820, 2840, 2860, 2880, 2900, 2920, 2940, 2960, 2980, 3000, 3020, 3040, 3060, 3080, 3100, 3120, 3140, 3160, 3180, 3200, 3220, 3240, 3260, 3280, 3300, 3320, 3340, 3360, 3380, 3400, 3420, 3440, 3460, 3480, 3500, 3520, 3540, 3560, 3580, 3600, 3620, 3640, 3660, 3680, 3700, 3720, 3740, 3760, 3780, 3800, 3820, 3840, 3860, 3880, 3900, 3920, 3940, 3960, 3980, 4000],