{"seed": 2, "beta_i": 0.39788152293624857, "beta_f": 0.07419447771782148, "t_iso": 20.0, "t_collapse": 1440.0, "rho_min": 1.9802264331456891, "t_min": 140.0, "ca_final": 0.908856768734152, "beta_series": [0.1148103460849402, -0.010277522506095496, -0.16819826387152842, -0.04930321198617936, -0.022717827965825957, -0.14859437404166534, -0.29860721723905204, -0.4571605833845783, 0.0037150908896802087, -0.510233060234035, -0.15365214606451652, 0.0397637101306178, -0.45974267974530303, 0.025709373787960746, 0.11112000856362696, 0.023206447898202393, 0.024355506168167937, 0.029124563823479388, -0.03661481222469208, -0.04825490475406065, -0.18406005442168907, -0.09105351088227812, 0.0004369324440492012, -0.0888427917935385, -1.1618751032667016, -0.03981573562253139, -0.0004270073951867098, -0.27692199065840967, 0.10524940715467886, -0.09742849199709902, -0.1010503719536323, -0.08885498916661941, -0.061615625719157935, 0.05049622677971684, 0.1892605111441817, -0.03219658799316692, -0.07459445661894316, -0.06241307186353669, -0.09136954915150092, -0.24519282191526548, -0.16841594620111539, -0.040921809129963266, -0.19292735078499673, -0.031768082497944106, 0.028960782848621663, 0.06871087106775028, -0.038426246288186736, -0.8269926513520429, -0.0513440083436883, -0.1471748477627649, 0.11718029414022976, 0.07513914086718025, -0.03981172684678197, 0.11586640374330866, -0.07200362260512264, -0.04138012714984303, -0.058848940875389916, 0.10082891214555689, -0.045603450921822636, -0.07678997823013203, -0.06273267690297044, -0.03311908840453244, -0.08341187504824303, -0.2955858676409616, 0.04616952796788769, -0.03913707786150816, 0.11432499402144553, 0.0329571276818907, -0.15447703923227676, 0.021534627723860722, -0.04194532543377824, -0.08908706718110387, -0.06160338977171714, -0.05087999049843661, -0.03445217840250901, -0.04098247395711814, -0.04335756042349645, 0.07098142407419024, -0.1531820468327676, 0.026897727051930845, -0.07780174850495493, -0.055098383220895525, -0.08240835342050364, 0.021420580030689876, -0.09040062148310837, -0.04536502265094314, -0.12118860821754772, 0.10781414667747657, 0.003460303424463629, -0.1721706907441553, -0.025404788944204865, -0.13937843232982478, -0.05828645965625302, -0.06261644139086073, -0.05622105472615045, -0.25447750252457974, -0.232169442808922, -0.05195022875757549, -0.05505837739852623, -0.027301018596381593, -0.11265307803148981, -0.10776550940344065, -0.0028196004946747094, -0.19633248808572792, -0.07518665257787784, -0.013349324671927634, -0.01589910955597859, 0.051898889803578555, -0.10967397874384434, -0.08735593315689423, -0.009879977398606854, 0.006068045979861519, 0.07185754964388812, -0.024760131946199276, -0.054074438798926996, -0.10439301833472815, -0.12594890193460745, -0.04735351807276575, 0.022990160556526154, -0.06161683499549761, -0.004386441317533768, 0.03502069224306374, -0.07131395889570391, 0.0149823738594662, -0.12067884235677004, 0.028419798981086583, -0.061589911470780634, -0.07630005492565886, -0.025298602847252327, 0.03930835060129963, -0.06954630274375709, -0.09253439132531015, -0.04475772399755354, 0.0697048239998528, -0.05403232141412863, 0.00855350448474941, -0.007060827459397706, -0.0821640773060335, -0.05178179762325122, 0.022893095196385785, 0.08827570786807949, -0.002089316292316762, -0.08357013980025674, -0.14283847323459103, -0.05119490401950373, 0.00023848120813196871, -0.0185680511149678, -0.14649990247526934, -0.01075291870705107, -0.11299499339071699, 0.015466609750789909, 0.03877811093189383, -0.018244367384571247, 0.08946739648667151, -0.028002666604142037, -0.026724574470400247, -0.0950434018000322, -0.030279024174739474, -0.06458150539393033, -0.09253750167354517, 0.007583908295983308, -0.07779966156223228, 0.02723952257052084, -0.016321011396812926, -0.08759268501960649, 0.0016278525685544804, -0.07615649651062043, -0.09422711779774684, -0.04151103663286347, -0.23267976344253008, 0.05560333641859691, -0.10979382400948988, -0.0060682723328138455, 0.046317330620173805, 0.021347176832201303, 0.002430553095121496, -0.023194080612674375, -0.045551966439125166, -0.022157517320319037, 0.05666001703638458, 0.026745908679803365, -0.00738841334511578, -0.05367773289564583, -0.07489435541373948, -0.0006465296096793, -0.10163601252919138, 0.03515718258825962, -0.028804401386377743, 0.012280835737241716, -0.08634034467428606, -0.10940272813864009, -0.03180228169214372, -0.007138236584689664, -0.016130246472276538, -0.07297033321189358, -0.021861458331509626, -0.11711452221585526, -0.017972377675863765, -0.03370980982435508, 0.07419447771782148], "t_series": [20, 40, 60, 80, 100, 120, 140, 160, 180, 200, 220, 240, 260, 280, 300, 320, 340, 360, 380, 400, 420, 440, 460, 480, 500, 520, 540, 560, 580, 600, 620, 640, 660, 680, 700, 720, 740, 760, 780, 800, 820, 840, 860, 880, 900, 920, 940, 960, 980, 1000, 1020, 1040, 1060, 1080, 1100, 1120, 1140, 1160, 1180, 1200, 1220, 1240, 1260, 1280, 1300, 1320, 1340, 1360, 1380, 1400, 1420, 1440, 1460, 1480, 1500, 1520, 1540, 1560, 1580, 1600, 1620, 1640, 1660, 1680, 1700, 1720, 1740, 1760, 1780, 1800, 1820, 1840, 1860, 1880, 1900, 1920, 1940, 1960, 1980, 2000, 2020, 2040, 2060, 2080, 2100, 2120, 2140, 2160, 2180, 2200, 2220, 2240, 2260, 2280, 2300, 2320, 2340, 2360, 2380, 2400, 2420, 2440, 2460, 2480, 2500, 2520, 2540, 2560, 2580, 2600, 2620, 2640, 2660, 2680, 2700, 2720, 2740, 2760, 2780, 2800, 2820, 2840, 2860, 2880, 2900, 2920, 2940, 2960, 2980, 3000, 3020, 3040, 3060, 3080, 3100, 3120, 3140, 3160, 3180, 3200, 3220, 3240, 3260, 3280, 3300, 3320, 3340, 3360, 3380, 3400, 3420, 3440, 3460, 3480, 3500, 3520, 3540, 3560, 3580, 3600, 3620, 3640, 3660, 3680, 3700, 3720, 3740, 3760, 3780, 3800, 3820, 3840, 3860, 3880, 3900, 3920, 3940, 3960, 3980, 4000],