{"seed": 1, "beta_i": 0.49574451704345013, "beta_f": -0.005500655809912561, "t_iso": 20.0, "t_collapse": NaN, "rho_min": 1.611812213025561, "t_min": 5980.0, "ca_final": 0.9198453144621266, "beta_series": [0.21599371389444816, -0.12233078353603144, 0.01477845689548861, 0.07593614888409388, -0.03889268440831542, -0.23243759591448898, -0.0838214998430927, -0.05402779945133304, 0.054140331363359356, 0.13343493584847593, -0.10359732871453596, -0.14121619066466218, -0.11623298957476977, 0.004993506522033786, -0.2149244565572839, -0.08747246604635814, -0.07109388234665433, 0.04632889866456019, -0.15395591152758145, -0.08958257833251244, 0.0841245512732628, 0.005594500062742425, -0.20320179187734197, 0.00497991968503865, 0.009706124804702038, -0.07518914280021632, -0.0905883891719994, -0.01581358344844211, -0.13513405680860252, -0.010830025089062736, 0.013682465926209975, -0.0426158574783308, 0.03155816701670469, -0.016684287807200604, -0.11688755112849657, 0.025010861083140587, -0.023290445913365182, 0.05278098281927954, -0.061436547964769814, -0.0594929018902476, -0.05247921499314005, -0.16814703605331605, 0.07594633643979838, -0.08444042677870423, -0.013894430335967434, -0.10202139497067055, -0.029762199297714745, -0.16299593776473642, -0.06208899867973228, -0.20327934582239243, 0.06402051526621516, 0.03879510902023184, 0.10259464578205309, -0.02512304960332011, -0.04640891569250745, 0.10366261946587628, -0.011122255626277194, -0.08342355506838403, -0.06247870030499998, -0.10192088562243959, -0.06138862642368098, 0.040764041533436365, 0.0692342127050321, 0.021180093075740494, -0.12961376078622242, -0.044559112821601216, -0.029961113745142806, -0.18928344437436476, -0.06978064094469671, 0.05871756759449914, -0.008562540896880938, -0.1441889055645666, -0.1813505875431805, -0.00322268711688517, -0.07816113736818277, -0.03585854395179407, 0.04613904847962004, -0.05195872360464035, -0.04157338305080582, -0.07767073047576249, 0.009301804371175906, -0.04621094872237844, -0.0684927697171842, -0.06650787667239855, 0.09626926731848157, 0.0041745934081313385, 0.01420397766048935, -0.03724081413319477, -0.04526725184923297, 0.002887505373313934, 0.03615545132409906, -0.12291156337770152, -0.01961546093086701, 0.03117422530795, -0.1059240193852451, 0.0021568923915646077, -0.011785657136212671, -0.04738511812405964, 0.008923426891752545, -0.13174283856209554, -0.04656140897584324, -0.08187235470276687, 0.030593643514359337, 0.03095527808120037, -0.004948798295396267, -0.1021150952270482, 0.07751289593556047, -0.012640721283292855, -0.12538086652743421, 0.06907394787213109, -0.1895947183453691, 0.11766214739285884, -0.009410193068445233, 0.03764891715101233, -0.004271155416142078, -0.06927128718357328, 0.04053001144727514, -0.14097552392169815, 0.02236112962972077, -0.07474816338229667, -0.03847904056790648, -0.0058699981778182475, 0.011495549107442438, 0.0484674022208563, 0.00199378800345687, 0.017611863976625064, -0.08742878220412328, -0.005877298058046598, -0.19549949166806663, 0.03167977297419888, 0.0016888344492948099, -0.10274251770990184, 0.048972953034704975, 0.011881641748879831, -0.13625014866519158, 0.11570563647153403, 0.005425289440598544, 0.026115214885428423, -0.0633285393558175, 0.025270774860125078, -0.10369731291377556, 0.0003387565207619847, 0.05045526870599687, 0.029436788184301343, 0.01362676910412175, 0.039238579487091405, 0.0016935387691322662, -0.11742279407045851, -0.08780205949178893, -0.08286010576195302, -0.05920922044765059, 0.0644481852750094, -0.039586330904950076, 0.04976064227505031, 0.005114039910762494, 0.07403903762068273, -0.011264630843154808, -0.10083298058458989, -0.007200848571287832, -0.039644795554970316, -0.11663110260561535, 0.06898602734550804, 0.02778490072631909, -0.08038541922567956, -0.05528013290667602, 0.06485132588374742, 0.00595141852388445, -0.05250958902738283, -0.023032449066245422, -0.09210505918770028, 0.017759541215640662, 0.0761736711504603, -0.036657691986271126, -0.023703586894826087, -0.07692457211433466, 0.026888753923715314, -0.09382329181834563, 0.07800484609467062, -0.02862161247032094, -0.0720376265814349, -0.051034692855425126, 0.08942280184477844, -0.06466161447407857, -0.04672408709714489, 0.024798663863295933, 0.005209554228879448, -0.031258483332233286, -0.047481696113379365, -0.10623584780361821, -0.06546174411583487, -0.056548262070864, 0.04055774892553475, 0.015486186435381952, -0.10331549945135249, -0.025315624293807307, 0.09496726069404486, 0.08439995358236013, -0.04266912906647691, 0.024484201875420802, 0.05352554211629015, 0.05603335109717597, -0.009842332341790744, 0.07678754713698532, -0.008810415249823858, 0.017031357678952252, 0.013530397186749463, -0.043360531997151563, -0.046121531668611104, -0.02263473570946775, -0.12206812475962897, 0.010642202945932683, 0.02108527722718488, -0.0004090573562867128, 0.01693963229062874, -0.017801948344654067, 0.07111045690395967, 0.10457011915233036, -0.042859348263100186, -0.050982128818079675, 0.0016916335728821563, -0.017957529379991385, -0.004009575935461973, -0.016519900629180143, -0.09919233491194901, -0.10076207434213479, 0.046494999571554965, -0.01102269448940675, 0.05072760643996689, -0.06006466527733857, 0.004949319679992056, 0.037823845674948786, 0.009174304332389846, -0.08094489048091237, -0.05642440239133989, -0.017171526553338007, 0.049530840564454406, -0.03006109934739043, -0.0346923606533381, -0.08628415346209524, -0.07837648191599601, -0.0784718936378373, -0.051722356049685614, -0.01260366452685821, -0.053225958004455384, 0.029971985007315266, 0.03492407607978244, -0.0533356178108432, -0.08400000911344449, -0.044739786219028216, -0.05005875971325334, 0.03973661016892348, -0.07393482744524218, -0.09435605764723912, 0.0060443386452962294, -0.1741809321260838, 0.001195684727935159, -0.019801427064563712, -0.17180480616505228, 0.019998158169047764, -0.015560676517102301, -0.2170746862331291, 0.010951812907163475, 0.050768753783105997, -0.009594693654406558, 0.12390893395627212, -0.02407178564950567, -0.11903715123913126, -0.03841980290707034, 0.13237504192912505, -0.06161758986690863, -0.09528842155572098, -0.055633644849726424, 0.0518499644859826, -0.08586025097169486, -0.26991729925625285, -0.06113522502042183, -0.12014089562942958, -0.02623580283071056, -0.018550349935217356, 0.0668812617694646, -0.09622558227621905, -0.1339915735380158, -0.010564048693559341, -0.2696358505172701, 0.04062087503958031, -0.3347841565817008, -0.19458629313259557, -0.25076384312091127, -0.19755087314206166, 0.09658760104053186, -0.17527967126727464, -0.07515957975313613, -0.12797545772718977, -0.18768958722704168, -0.15647117057515086, -0.008861212168620763, -0.7009772632723813, 0.04550889916419207, -0.810584969905902, -0.005500655809912561],