{"seed": 1, "beta_i": 0.49574451704345013, "beta_f": -0.15650747635708978, "t_iso": 20.0, "t_collapse": 1580.0, "rho_min": 4.420970641441539, "t_min": 420.0, "ca_final": 0.9433675341307156, "beta_series": [0.1187291046562954, 0.10678155278758876, 0.20421149843654754, -0.12279770014336186, 0.02282402900050262, -0.0405055639374962, 0.07594586287665482, 0.115901036794006, 0.0044724292735769805, 0.14143673140298257, -0.03810378495398489, 0.15148308982239445, -0.07200400691660465, 0.08730184599645424, 0.2084029012599341, 0.020033341945322622, -0.03536106773615372, -0.16114826643151356, 0.04626448510536943, -0.061391793296157626, -0.0405565127117465, 0.15186194794877073, 0.12539779706383367, 0.06532910347374526, -0.044694662952166384, -0.18112472148868983, 0.054169110002156476, -0.03786212274012861, -0.05222570447252892, 0.15209322777937512, -0.10441023088733674, 0.1839057990267896, -0.13840234653601716, -0.06137383967962236, 0.006967257179456288, 0.0375873538532388, -0.007298741198130121, 0.13151157392076201, 0.054604590865252614, -0.174534037859018, -0.04365166095176144, -0.432628383260923, -0.1766936807954988, -0.06869504721679748, 0.06412125777909482, -0.06718107994752479, 0.0428193497638541, 0.006765346165470684, -0.066479223367114, -0.13202747657467429, -0.0009746388388217897, 0.024228979605882967, -0.11399212361420172, -0.12133585902472903, -0.12631348964559902, 0.05231825311749247, -0.18980148807785704, -0.06824264752606693, 0.09888192151677767, -0.18814114407097796, -0.11028150733143297, 0.1446305391916847, 0.0011115747494924444, -0.2216703800985489, -0.015166585382558537, -0.07724563686568021, -0.2189751850727838, -0.041328995447685285, -0.10621555300386706, -0.1391467624862818, -0.25327126967129243, 0.0471812972001696, -0.14319461039476494, 0.010965776833997201, -0.004743848171500364, 0.06537585508418317, -0.010247979437402757, -0.16652758066584972, -0.07150585005289414, -0.044942306368133234, 0.05586049567551182, 0.0946029038832816, -0.013447429641633965, 0.03174447241208267, -0.1053480213227162, -0.07935359102165791, 0.058022177056053906, -0.14361346420899054, 0.0490022242442235, -0.08984318212328296, -0.054953844978522445, -0.052684445554037035, 0.03407260709703333, 0.1133396214217976, 0.014101322996575308, -0.14046023226546334, -0.10487037704285244, 0.019947014396459295, -0.11138390481132139, -0.04320735337797085, -0.006093027621761782, -0.1359902834909294, -0.059927651512634794, -0.1259297811724202, -0.1594127785983141, 0.03612216617600693, -0.033944089013088805, 0.05626921509626566, -0.07085324450154507, 0.046885162699487434, -0.029302083334669146, 0.08115258320729005, -0.05124887351469848, 0.06379932917519439, -0.04493462168019592, -0.13976418390603063, 0.06827020534145718, -0.07320364603302718, -0.13484989921532547, 0.025985642739438555, -0.08896735550892264, -0.07420738563631192, -0.09152888846655548, 0.014714599178986237, 0.12988961066666316, 0.04414568808732813, -0.008094540457334626, -0.0593201990839437, -0.01993925174038816, -0.10822917613593148, 0.01937359002533956, -0.03225601703506427, -0.0641006382524284, 0.013035151133562864, -0.00920296807175984, -0.0018271665859102004, 0.07026123569004408, 0.0068309571335409824, -0.01919180684359531, 0.047221366067204326, 0.02032186302110374, -0.15694376408726524, -0.06003526513743036, 0.04365503795384572, 0.05973328423715206, -0.0339034056007287, -0.06605760982033601, -0.11703638420882095, -0.03825969221825089, -0.17313810706119792, -0.08370318403021959, -0.0014454917312034937, -0.10105868963343757, 0.019827871722973484, -0.004211965686189395, -0.11918708647963415, -0.04025664995254832, -0.032327240188401773, 0.010720749469992324, -0.017961229822762173, -0.153825040901511, -0.067565079714109, 0.0004355720321765483, -0.04913466391703715, -0.03101006772940862, -0.004254324951969729, -0.11440382316311701, -0.008739701823009177, 0.004696828035657796, 0.014812052567901537, -0.04215871710954107, -0.07348019302791806, 0.03170596587703889, -0.09984322978002504, -0.0372856668925628, 0.028803573064263746, -0.0942095325846403, -0.0032466263604407353, -0.074751031284261, 0.07442861841105029, 0.022921021933088925, -0.011274354576311832, 0.06537381436376549, 0.029913190624968736, -0.041740510124428865, -0.031439314258072726, 0.040628355170607464, -0.04857959535167175, -0.025430403462502, 0.10534801220563413, -0.14482883342649372, -0.022395904239795608, -0.007305549332804903, 0.03167682166499729, -0.0007384613435071491, -0.037338633013769176, 0.010777160585431919, 0.06531040364061166, 0.009963557633786493, 0.028366144653205097, 0.026097070602498315, -0.006004034849522041, 0.06587955834199369, -0.08162804604080683, -0.07989332202285945, -0.14303188971758887, -0.19140479933784615, -0.17686502250933767, -0.012558900085471336, -0.028211934591980722, 0.061592733653800996, 0.03843717569589333, -0.10600924001651756, 0.07496088549696686, -0.0353288379144769, 0.017635337857534558, 0.027730930094572434, -0.03389436624345822, 0.007304437299740979, -0.06028924719268913, -0.07017189843193943, -0.01833466429915316, -0.04917619637316696, -0.002853386283064238, -0.07713289590500924, -0.1506393480346927, 0.025961794734068996, 0.02233798057297913, 0.11073427717128637, 0.017420256255259683, 0.03215704732915166, 0.10409262641990988, 0.0199778472286566, -0.03752193946623736, 0.03301597093098052, -0.15525621040176546, -0.056560593391704425, 0.0008925193043519825, -0.06493186910961597, -0.050941292035916505, 0.03237167262069196, -0.0733854690917195, -0.05894165223277291, -0.08391419337789877, -0.010074340439754262, -0.004899518499349859, 0.08651949591463137, -0.012496525329027092, -0.11592248867625068, -0.06897557540663218, 0.0010671063916913581, 0.05375246063294552, 0.02641511902417558, 0.08255136646988885, -0.030742716111136395, -0.048253899288708574, -0.0504785850840503, 0.020242352303740246, 0.0561194924350525, -0.0011337701469808503, -0.011626671534577748, -0.1619961969375232, -0.05268067568463995, -0.1172153005327848, 0.02400628718230742, -0.0832352204229681, -0.10323414127868012, 0.1609765282559693, -0.013829021364263783, 0.028860060802163495, 0.023201547850988408, -0.021984595430261267, 0.015807805280684678, -0.002429256141145572, -0.0522534991458147, -0.005899557230256286, -0.05015447704139714, -0.1310990802156235, -0.032515857372384466, 0.06889876486653992, 0.007267312324115191, 0.024614448022034704, 0.028603384002951412, -0.061388254144790516, -0.036451518408855396, -0.12178405785614085, -0.024832887896952732, -0.1644116378322919, -0.08678224351303204, 0.03324648675949142, -0.009034119497039667, -0.08919444996316074, 0.055648545904071534, 0.011486980671512118, -0.0834508714267598, -0.05807823687609831, -0.2020177432780056, -0.012945231474936494, -0.06746738147201803, -0.15650747635708978],