{"seed": 1, "beta_i": 0.49574451704345013, "beta_f": -0.06610073454656011, "t_iso": 20.0, "t_collapse": 1240.0, "rho_min": 3.545986868656234, "t_min": 440.0, "ca_final": 0.8952596106645154, "beta_series": [-0.0052124444338265685, -0.008733294950042186, -0.022383687438148003, -0.18372085795703, 0.054374522899704944, -0.015250831195230394, -0.05425010662856562, 0.08719504156063776, 0.061891863364009106, -0.07407619728692101, -0.05685426754790836, -0.0802455724606522, -0.12201509893640888, -0.01113665902871211, -0.009297506380646747, -0.28519163816640325, 0.018883390065442346, -0.115807699454801, 0.0012471985800676516, -0.014286807266698592, -0.26073088048101833, -0.13016323801940755, 0.08775628211099773, 0.04624367631434674, 0.04243649541192218, -0.05451287315529857, -0.12987349046472285, -0.1383609588122973, -0.3282279528792527, -0.03351279931837357, -0.0019475555653951232, 0.09576010164201747, -0.09793952471803084, -0.010471633713057496, -0.006892894415178472, -0.11783792411875449, -0.1617423237140835, -0.08447685956655565, -0.046373077672002466, -4.492577622253191e-05, -0.011107247129990491, -0.11113053811632524, -0.11805009074862362, -0.054174826289237796, -0.030048596684670886, -0.08919606459548357, -0.114954686439723, -0.05814507343009706, -0.030038994198838195, 0.04429070748230965, -0.1113079415670864, -0.11584096155014056, 0.019653363496086332, -0.10043659641644034, -0.13548519598827108, -0.06296554349475714, -0.0019196412146353231, -0.21751049765629027, -0.13590698826486616, -0.038991792349548124, 0.01662906328491874, -0.03194974119098504, 0.04028682876389025, -0.16770200527553036, -0.058740371584852805, 0.05787679635200563, 0.07408450384327972, -0.08939063795148781, 0.05624880317242613, -0.012779118075509327, 0.03847464950097805, 0.02654343809901362, -0.01878167383249399, -0.006236295380183346, -0.028106319307621683, -0.037003088371421036, 0.013844987631585204, -0.03696974816811183, -0.09302134884458385, 0.048738834910392034, 0.03677531554856325, -0.1310819807041973, -0.0686878143103861, -0.015963394620490012, -0.15181153079556864, 0.03396930215074312, 0.013613605030896106, -0.027731525828799092, -0.017554639835906036, -0.021384350992598666, -0.040630986563707464, 0.06752361392175317, -0.1647406121757876, 0.008953134590724138, -0.032395054822830144, -0.04480424221147855, -0.11885673624066104, -0.11342169067315178, -0.053473890457654244, 0.065988165476442, -0.014672399769147082, -0.10844437862029063, -0.14644264320264036, -0.1348294495804952, 0.08007689067164733, -0.010918504518990513, -0.032217684987968634, -0.09575520726212304, 0.022534948582847242, -0.06227741692412185, -0.09221115888273045, -0.0686978376221737, -0.05827300035872386, -0.007710160064544572, -0.003194699148591093, 0.07861304986122145, -0.005785138723098007, -0.06164987450907419, -0.07964118259286991, 0.03949290013993714, -0.02639652559240728, 0.06524662041865159, -0.1082028576612414, -0.0930174902899343, -0.134599143110345, 0.03216255917309635, 0.023971146911169153, -0.01600903047891411, -0.11467433181914276, 0.01906746633832679, -0.04234471758279176, -0.03894333887695722, -0.027809471950039452, 0.11082120544377502, 0.020429878138427296, -0.06582025065281791, 0.10419194061333958, -0.014929373772398793, -0.0679103168369162, -0.08268278676844931, 0.05760553188168385, 0.014563574335374377, -0.008396660818082838, -0.15898277085333343, 0.010761573894281229, -0.01777761169248733, -0.0720978235450784, -0.08279984923310081, -0.00953447133427747, -0.09918889565635171, -0.0659604704588029, -0.024503428003969485, -0.038591095790994734, 0.021844519574062596, -0.042891902552154415, 0.01617904796692779, 0.0946113083594701, 0.03339850609428914, -0.004555372106436306, -0.10376724472831607, -0.05118880840885778, -0.05437259231047818, 0.02610744885762792, -0.034876457657910157, -0.08538655273464235, -0.11894082268836129, -0.15122396172154212, -0.18632884285333154, -0.006989493757924542, -0.04134192951061545, -0.017448434564401663, -0.018189474184847093, -0.01617735061866797, -0.011216715598342364, 0.003314966669222208, -0.1702848045414233, 0.08440322677551026, -0.026456943677574243, -0.015461222259572402, -0.1033401060871152, 0.02769186192080117, 0.005691286099565693, -0.01643875914835849, -0.08693467933533855, -0.01733800632725535, 0.014857426585769815, -0.050636027992779026, 0.015811551278162583, -0.09867241031108416, -0.0830954324629969, -0.13764952687396864, -0.05108428890060765, -0.01875718261680248, 0.001566965446830229, 0.02726008614648219, -0.06074329583882428, 0.06296914827101209, 0.06257086418471865, -0.08420979846285634, -0.1020221990221645, -0.02867578991024157, 0.01626784752673767, 0.05457439861700071, 0.05421498954146843, -0.012297548910189929, -0.05088696898422468, 0.027288020664437168, -0.039209002579096916, -0.024404328017794172, -0.021194428042275906, -0.10822886266479438, -0.04002315938200454, -0.041363242508327486, 0.052806556629072646, -0.09050433307634906, -0.055260857086901094, 0.0369520221260011, -0.050038239946444504, 0.038143801807207875, 0.02237563727900173, -0.016217167543887606, -0.07656173030595494, 0.02470071547385433, -0.06700609825021238, 0.06754822748096645, -0.04570737672578998, -0.09968880383900444, -0.04908873522341452, -0.023875533425788256, 0.013213380396327218, -0.061591283700134086, -0.09954963512426482, 0.0893813749862113, 0.11193896860263344, -0.011396132162410033, -0.010445485453935421, 0.019769994415380562, -0.0304212572594202, 0.005611564293324739, 0.028302822633657673, -0.15045778765241014, 0.03326829290971697, -0.035349923891524346, -0.04491219514375987, -0.05278424931540286, -0.049416284176075284, -0.14200209291118393, -0.14259504934916872, 0.05826174223596939, -0.0017074793577755848, -0.07519680972150306, -0.010512315890572818, -0.10865763522847635, -0.011903778497090678, -0.10820384261162302, -0.014731271863128836, -0.04209155099059944, 0.1372800346595869, -0.03405623523254424, -0.011738273401960098, -0.17611334667335526, -0.010386449883953333, -0.04460980546742091, -0.08488743390428305, 0.028406249016165272, -0.038709895770626765, -0.03523336803329791, -0.07552218544940202, -0.0693446562173583, 0.04016500582196883, 0.06115792329592065, -0.009990057244146672, 0.031776509764693414, -0.013374289034540701, 0.08864329211158901, 0.021750209858468122, -0.004599770329984695, -0.11274161767583396, 0.006279092007924897, -0.0805669527259422, -0.03481230336367927, -0.04173371713687214, 0.11179156522127304, -0.0931178762074404, -0.02440017864492798, 0.0006418508244405707, 0.035584155043171445, -0.07818669477337435, -0.1306911496046519, -0.056901752748874254, -0.031356965529521885, -0.07146074517709915, -0.045983042240935745, -0.07110679651553993, 0.017105669902438544, -0.018086349364784107, -0.027344208826720368, -0.14159037838374627, 0.04851713887290285, -0.06610073454656011],