{"seed": 2, "beta_i": 0.3080378239640112, "beta_f": 0.10076420693733164, "t_iso": 20.0, "t_collapse": 1660.0, "rho_min": 1.703915768055593, "t_min": 260.0, "ca_final": 0.9118435471353382, "beta_series": [-0.05951005575697907, -0.18188784884027917, -0.049815608426716826, -0.049479324827554697, 0.010947240705884848, 0.1694141558314952, 0.005612050205892324, 0.050508569895222996, 0.14136801577732014, 0.02705747258800524, 0.03127669511971268, -0.19422772650140174, -0.028128227403841036, -0.07023081436927374, -0.09930574672702146, -0.6363774031418902, -0.15728722893528446, -0.41386195709727747, -0.044154967526688585, 0.05373170645439171, -0.19145978265963248, -0.02883069589663176, -0.08200368546644889, -0.05128363810169358, -0.159258071603467, 0.0494071219745251, -0.07285683318424617, -0.01651767696941099, -0.03638338889772509, -0.07866325014055313, -0.05855966480731796, -0.13345510009657163, 0.023219444660935465, -0.3811084771955634, -0.36818981884176155, -0.16829614017181918, 0.06457785875346696, -0.06383579255232617, -0.03545654891809008, -0.008457026916769653, -0.00940634041815544, -0.10931968566237023, -0.09592928771474672, -0.06383479578297575, -0.2599638140505648, -0.040426091560186145, 0.062212778791712345, -0.007763333312238399, -0.045063666792974896, -0.09277241715167016, 0.05661189875861905, 0.028785748363542973, -0.0676142606232078, 0.022797986198153417, 0.04540261728838618, -0.05405413667490212, -0.17451896661987984, -0.07804389932956224, -0.06301239636206706, -0.16912128767206186, -0.08177676534524003, 0.07191171089234435, -0.020363452848415356, 0.020744121150425954, -0.007682950361484531, -0.08688664177236897, -0.12691423810344712, 0.005708470328519857, -0.04839604228803414, -0.1145405291597486, -0.06563709606462595, -0.15142325348835303, -0.009895996829556455, -0.43253428195502375, 0.08636957801629062, 0.08934392543210226, -0.0025270900494759885, -0.03407018819380522, 0.019770855038494503, 0.17028971552281974, -0.17865807747185108, -0.060446083059958855, 0.05406956856091685, -0.04458174303393472, -0.21839028800342747, -0.14527460229868294, 0.04308028285870942, -0.14622850372174648, -0.20559945350999087, -0.06358787948369939, -0.05149949085514964, 0.015094508185217778, 0.011525496168657098, 0.048106910391939414, -0.05976506770290503, 0.058157868332077964, -0.08766958965977174, -0.009910369530321927, 0.0672789572289062, -0.08141190484263502, -0.016653230943704758, 0.02891734387877555, 0.021389156462460215, -0.06433079768426277, -0.056591585898286764, 0.02276441407300603, -0.0693642325244379, -0.022993430104134058, -0.11115146904477222, -0.017317235947985968, 0.002458797969476026, -0.026171098419488698, 0.06338984982730016, -0.10196823240352719, -0.07031750819851426, -0.05489330067005417, 0.03090388381150172, 0.025511081268493066, -0.097492731547108, -0.07619279136789128, 0.033935252971180704, 0.06887728868734198, 0.03548545336960737, 0.029490196228799795, -0.01364035993074518, -0.12333928420606982, -0.07977409184270057, 0.019332822413322653, 0.05438676759249389, -0.1413500930838512, -0.09818311744948029, 0.029180655493073165, -0.27036663021563434, 0.042204450823964096, -0.05179756689434398, 0.01646391442047064, 0.06511720127982182, -0.016177995939795894, 0.021354003944420816, -0.019086865506090706, -0.018489625136874563, -0.07764751022060945, -0.06589677438149363, -0.039613703447614265, -0.03875399865536672, 0.09911062971184521, 0.03937423693464123, -0.10093561596329025, 0.05230319101546407, 0.01791306379559976, -0.0753065466749866, -0.056984637759597626, -0.021683532879356857, -0.09424325441872418, 0.08227532079125888, 0.06434320198742742, 0.06873722413004302, -0.02679168040148347, 0.04650491013528889, 0.03999014225972729, -0.030332685941066265, 0.02740757541043584, 0.06458706030249693, -0.17375888084735475, -0.006013494901946748, -0.008778320305171866, 0.00283083532291753, -0.03598074207630034, -0.04729804189261087, 0.010402127307337, -0.14922109863593078, -0.014607500019097955, 0.06956525597764102, 0.026352899553617318, 0.06465108525862359, -0.13580884394983528, 0.011031597827288006, -0.038152451584931926, 0.004185629368497701, 0.08652099766635891, 0.02358370676464791, 0.0176037032074033, -0.06220393136565404, -0.011704380360347197, -0.07008242188610161, -0.006582882944830087, -0.016772772400752048, -0.10367484890631477, 0.03774660783703426, -0.03404607769698763, -0.028781730124866442, -0.08356016457304394, 0.13345081070306042, 0.0456801037134657, -0.08800019760560886, -0.03863801490125235, -0.04569909148926661, -0.05167275238886988, -0.007978212026354625, -0.09048336608887243, -0.10375613221105157, -0.07398801590849215, -0.14488970368835657, -0.1203452388689923, 0.014408648072380084, 0.029880736528930044, -0.01636602543571826, 0.04467741934163137, 0.017114846767884606, 0.004426593300533285, -0.03279702780837343, -0.003071123399296105, 0.002303508248023195, -0.06664838694410234, -0.017593850704700473, -0.03303879414937212, 0.004256046930723956, -0.04074149970087709, 0.0260957901203447, -0.1276990226640181, -0.04790771016043799, 0.031049726565944638, 0.04540050086374613, 0.049055332086132455, -0.03750234121493433, -0.08606374882602069, -0.09537130051272005, -0.05496900359070227, 0.03029018736621744, 0.03174865384286414, 0.06484646794331501, -0.001464704254878768, 0.07154576308851399, 0.07482656891723348, -0.0664978026946502, 0.08916582201651461, -0.043556421454585964, 0.01662154650483033, 0.03073589516137569, -0.028645836839475913, -0.04815799422319583, 0.05555092086996763, -0.10764525879818237, 0.021913961835577353, -0.01799504727629861, 0.08596398082950003, -0.01531935306058238, -0.037371195500561255, 0.0038121065255910247, 0.012296469456053172, 0.0157911595359103, -0.024647926249089014, -0.06652142167737661, -0.04236819336491872, -0.002142830808214591, 0.0019692218937340245, -0.1136413937139899, 0.010429249899300386, -0.1011029109885304, -0.09803180029509068, -0.11457486852680132, 0.002724036714503844, 0.014066681643073745, -0.09037156154947147, -0.06790359516622452, -0.11596637500759736, -0.07174232374684394, -0.05171329149712922, -0.05378205989685429, -0.019109312458632635, -0.04461644793289289, -0.007672177800386093, 0.0540108069225983, -0.0039588704063065056, -0.11809843655575475, -0.05170206586349649, -0.05534838547013417, -0.13874270606909367, -0.01988954977508596, -0.03380825976409629, -0.003505184035643358, -0.14612689214870522, 0.05386075725205762, 0.00954654563026576, -0.025803209177174213, -0.023434072583299728, -0.10838684963228584, -0.08558558027386473, -0.04779483147301701, -0.018999252720284243, -0.051734868442475435, 0.04772820420183889, 0.05754806866371981, 0.040888624093899095, -0.0647367397378736, -0.03412231182347039, -0.11832761787940285, -0.07742180283346417, -0.001139586614206406, 0.10076420693733164],