{"seed": 1, "beta_i": 0.49574451704345013, "beta_f": 0.05522917433383802, "t_iso": 20.0, "t_collapse": 1680.0, "rho_min": 2.5328477633258815, "t_min": 240.0, "ca_final": 0.9142757964140096, "beta_series": [-0.09008088133081137, 0.06492388481678531, -0.10992897725436378, -0.15199334411894677, 0.08307075282486955, -0.09100217091972303, -0.16152617167012556, -0.09156450103212191, -0.9277837481894458, -0.11968807526864281, -0.1504743496492913, -0.25846892122144527, 0.01609813291622751, -0.08478713322564976, -0.00396638579313717, 0.12197945377233994, 0.03325183974813836, 0.014170573417946045, -0.22320050802031938, -0.33900050004404747, -0.07039292926474816, 0.036397266968125896, -0.19215949298612, -0.09608531353398748, -0.016210619516304453, -0.19651656426796515, -0.12298101343960281, 0.03581135890303393, -0.12056902497481946, -0.07883732766178055, -0.10293193637836101, -0.04074117628120233, -0.16770863200325012, -0.02150447096095065, 0.014020902713449246, -0.038699973001196944, 0.008482318804141478, 0.02114300503534619, 0.0393429248924016, 0.05935154469944395, -0.026943630111399164, -0.030535114359492674, -0.049856936095788174, 0.096646781573121, -0.3428485983579884, -0.004412747136857839, 0.020625862738788706, 0.004974571917583673, -0.06174858306325785, -0.39303065008799976, -0.023306703210511412, -0.078790997274517, -0.1450401948578039, -0.03740479257983323, 0.03729235416521105, -0.06614462761124028, -0.029436718340095994, 0.03253835344882651, -0.010995150599320366, -0.08361514132351518, -0.08409168858203052, -0.013326179714212488, -0.08958641837004874, -0.1589601747957985, -0.08273578952689237, -0.28394764706329256, -0.005960081148822197, -0.11086767490819226, -0.08617164183077854, -0.17757314230852422, 0.0031432907317691383, -0.10823531559995671, 0.047236087282063716, -0.17800895848757003, -0.07305235617828945, -0.15020085559695281, -0.10249898598470923, -0.1077302025283132, -0.09024912061800026, -0.14245877266160575, -0.07809728080919327, -0.017272657420213167, -0.10682937007819807, -0.12054364132979876, 0.03768089408418601, -0.059933812937058864, -0.026058044928897364, 0.00485730041257898, -0.0807181647321886, -0.028707225523928223, -0.08522926074992422, -0.100497901389428, 0.009899256117637714, 0.04331369384796299, -0.024956344468189895, 0.026834529174602717, -0.02953286132465109, 0.0673662549231927, -0.25584085826530095, -0.22772187476603706, -0.12465569692619177, -0.045080480914838475, 0.013620899429484953, -0.025997778364037896, -0.21775409220465114, -0.19511530566274124, -0.012948837372672231, -0.032065129050225835, -0.1765947419743531, -0.013268704147647067, -0.10535010898439896, -0.07639007370489803, 0.033229481975375535, -0.01680201116630982, -0.023582555732755417, -0.14096397140607808, -0.039700102680098284, -0.08071119106420103, -0.0224697236650942, -0.006981851298563366, -0.029960245564176688, -0.047204541755110144, -0.022243447299148664, -0.04733930291420878, -0.0070861768306995365, -0.03533266119248217, -0.04744182688026326, -0.08975376253541843, -0.013063328619405526, -0.001858156310591913, -0.04247975692877311, 0.07584497652485425, -0.11823960567925342, 0.013507133363209273, -0.042767618080765415, -0.055947760698719914, -0.02106733796241178, -0.10987155858630816, 0.009959745806688902, 0.0006854526482655832, 0.004769168057844109, -0.039563135940156535, 0.0010989548577562125, -0.0020337945179151606, 0.06826539314621395, 0.08730255980574875, -0.04365155958662459, 0.03843251557057316, -0.03109957549205053, -0.05074590596342329, -0.08972286167792162, 0.0074988419512712345, -0.000735407575728611, -0.028818108051134758, -0.011428462963839495, -0.10368637543796866, -0.10876390829672217, 0.0006292959394110509, -0.11126572127389205, -0.10035992207672616, -0.032128655459512614, 0.059150961297270266, 0.0873226477508559, -0.048947951723339087, -0.0441361643795468, 0.028839606611409913, 0.08145140000287848, -0.022856182954222398, -0.023738751325376575, -0.01978760765587463, 0.001964026747402356, -0.18409894425171705, -0.1307599491292848, 0.04249588059158749, 0.05315426819246, 0.09351675942711732, -0.030074086044813278, 0.006423453479299054, 0.04217272834177459, -0.0004913495745512281, 0.00832286879872303, -0.021245988227928725, -0.0578776342616744, -0.05294240595793287, -0.11352073818599749, -0.023878245954657734, 0.004169182411754749, -0.04494269388795144, -0.0017143998855087689, 0.017024955653009294, 0.0008655297988385824, 0.1565871735438305, -0.04416429625241204, -0.09672180380176837, -0.044381549822961316, -0.10186340364675951, -0.04012722130494252, 0.03060811572590008, -0.030306457751161933, -0.052119382802853734, 0.062068364429389386, -0.09859214876733967, -0.1078881813132403, 0.023103390704020996, -0.03573218622371112, -0.008058960660549619, -0.03793461684357538, -0.017271382392814075, -0.07809820472607712, -0.05952769462452419, -0.05705794735829334, -0.0070468659284232404, -0.0650328640297276, 0.048564522083179726, -0.022108096849079675, -0.0330187859666851, -0.11592008908541168, -0.004901131351114363, -0.10849643642324622, -0.08633747993612982, -0.013082963984664617, -0.009748284417042938, 0.02684192810952761, -0.07553766457724992, 0.017719744341971114, 0.02178982401710998, 0.09100464598144208, -0.043610329767708664, -0.02502777105472774, -0.08607492970655317, -0.043843878376020856, 0.07074788032039758, 0.041003690885077465, -0.09473311222946595, 0.027820979603946833, -0.019306094931732576, -0.059015231436786955, -0.02116443854313306, -0.007405055484039316, -0.006497218473751898, 0.03191800815118932, -0.0673139796764611, 0.01089470151766074, -0.13646427397379335, -0.04865019322678585, -0.009207537013879316, -0.0698294910422073, 0.01721778578030024, -0.04116796152197237, -0.037827611918710924, -0.032064980831853954, -0.032942828128325274, -0.06751585821142118, 0.012278617346770201, 0.022714158624244918, -0.021427919568789505, -0.0763087808605333, -0.059390682774848935, -0.03247860615353787, -0.10935449637766347, 0.012450593728585937, -0.014693000821676239, -0.03739248197563144, -0.03530636585191739, 0.021892496006533382, 0.02520603721932438, 0.045736018791957864, -0.0804954109510605, -0.005104284034940981, 0.0691877101342329, -0.07677313679777105, -0.03512523814944192, 0.003248566582610621, 0.03072574809262396, -0.10967096686721368, 0.07661659222957004, 0.06490320779051448, -0.013591800408195173, -0.03839854316443368, -0.0727972334318152, 0.0005630088714508041, -0.06399853178999017, -0.1059153745042431, -0.03558657256753742, -0.08589358080411166, 0.07045961198071761, 0.04137045107777691, 0.09087150807306889, 0.0042238015973303095, 0.03322274443908914, 0.01923699005063592, -0.03507602627715077, 0.0018429294386607398, 0.0535886678262983, -0.05189989479244496, -0.22350941770600155, 0.024066886869073142, 0.005492195635359354, 0.007460339068949051, 0.05522917433383802],