{"seed": 2, "beta_i": 0.3080378239640112, "beta_f": NaN, "t_iso": 20.0, "t_collapse": NaN, "rho_min": 0.046051777515016025, "t_min": 5840.0, "ca_final": 0.8995284215871763, "beta_series": [0.10822544711428897, 0.09665429012619453, 0.10826419370163748, 0.22824932741561377, 0.10152382611680102, -0.00013965958090753072, 0.21019422632481594, -0.10589593614384354, 0.18716084240702763, 0.07643235182456139, 0.08347227839115717, -0.08736966241223035, 0.18082419214725137, -0.15158499987477664, -0.1699268163432508, -0.11246485343897225, -0.06007504571571867, -0.05935819368598827, -0.30582676300560585, -0.0470135437817399, 0.015890508865580702, -0.003584127760489622, 0.10905498242231763, -0.19045683832397675, 0.10876258354390482, 0.09198440618456567, -0.08001465250296153, 0.10909908566191603, -0.14233489017404033, 0.026109324827302743, 0.1841685011264979, -0.047675963642626495, -0.01937406679841508, 0.0568304990983744, -0.05194986558693403, 0.02771926855686206, -0.15730818577610234, -0.14300606521419612, 0.05657034035461814, 0.012086485994485696, 0.04168073884331547, 0.07904326971064525, -0.14274330618890618, 0.028208135459069292, 0.10016307349197033, 0.0346044391193277, 0.016971780478713283, -0.002797539363515053, 0.03916253907075416, -0.13239322839448958, 0.07707065889080274, -0.007310129793811057, -0.09441454303409609, -0.03381317709387084, 0.0013532699043015267, 0.0239167755137253, 0.030682553891090328, 0.0062687770133126736, 0.02612260385913373, 0.08742030371106047, 0.0504972884614307, -0.034811190875909975, -0.008282765013077828, -0.071952642088474, 0.04048199967305312, -0.07111900282748966, -0.038426710140498685, 0.062107665370162504, -0.14424531665399976, -0.06251171817012251, -0.10381094758178361, 0.024341854681672048, 0.0566457960920569, -0.014489055385816685, -0.028442799230384896, 0.02195054776135863, -0.06857074203398932, -0.05756992465971435, -0.12271538918065299, 0.1134434975954972, -0.04300926040356037, 0.03694016555277392, -0.04685579707624188, 0.08424093066866127, -0.033203861441331056, -0.0682796804310807, -0.008525571882371921, -0.04819096159418626, -0.05910559023042222, -0.027153951849473265, -0.1434213892056523, -0.050086462787180236, -0.05003895812272374, -0.09391024084978204, -0.007379629806059065, -0.001830406678287752, -0.09988558863962531, -0.01529353162446384, -0.05000446077348708, -0.058854633176693705, -0.06966741384602887, -0.056094230962795255, -0.04357782871878271, 0.10845243500311384, 0.02418946453083265, 0.04401181937982791, -0.016149384906994968, 0.0004555640678907402, -0.11276857312426457, -0.11824948555651893, -0.12660614618708305, 0.009134959372899279, 0.11100034568797441, -0.053378619710809344, 0.007816576569464384, -0.07368247237399678, -0.06354812429557923, 0.029854637957491867, -0.06352149206425567, -0.17178383506463454, 0.021179222651313362, -0.021086268377977835, -0.1485213199381626, -0.13287741494540617, 0.01828125546731428, -0.032288169407767575, -0.052166724461176275, 0.13404434454492467, 0.05374193614336559, 0.0005768486379634508, -0.10932706351470502, -0.033261401795366394, -0.028415472212455856, -0.06926950401310611, -0.019274982061818283, 0.09085407327472693, 0.08536996970207292, -0.010878073529302187, -0.03787380016763088, -0.03606232721281627, 0.03782008990022513, -0.00929765875219156, 0.09144955227960068, 0.0365584270607479, -0.09664803730145628, -0.012226143521058289, 0.04857719829417184, 0.04802181251387733, -0.06610408047077267, -0.0033761917948307157, -0.13875986854685923, -0.14000334543083526, 0.03931800787620568, 0.06212653907738731, -0.07120731832556974, -0.08811189279900492, 0.005219864659987111, 0.03508915958532591, -0.09562148141006746, -0.08957192972707521, 0.023951150023086412, -0.16027668166545173, -0.07436436083965957, 0.008906914433518362, -0.067675216620039, -0.04233429350571348, 0.015728489738016868, -0.005506780589545568, -0.02695361687143255, -0.01630391998720461, -0.007469184316497221, -0.09864621058377185, -0.09090253879568866, -0.053304208405947254, 0.05356251918124495, 0.01993348916638993, -0.10998432350051954, -0.15117712629275465, -0.1341356577357267, -0.1835172186945238, -0.21348639280268655, -0.08114741841396671, -0.2924855723071421, 0.0069784691207707555, 0.1234830872266823, -0.08164252734517446, -0.09713131713528649, 0.11938054280706042, -0.1168925573177339, -0.05122930064974658, -0.1525752940998829, -0.03637348626035472, -0.012729016325322015, 0.018723223750767168, 0.01199208484672748, -0.011874148738104398, -0.08237269618733846, -0.04505169869128141, 0.008131994493593309, -0.013477496673104147, -0.20316988993629023, 0.05453146445774376, -0.08272469760704827, 0.06598174798219186, -0.07927818023671238, -0.11341754544950737, -0.1141121510087698, -0.07101376143083397, -0.05059850899290867, -0.12627387672853682, -0.12937792186481212, -0.07527949697108909, -0.04575172066147304, 0.08326360155074068, -0.38967086937499884, -0.16178621378462385, 0.09414674391526856, -0.31795198784551154, 0.09794332698954701, -0.037524948434599914, 0.0854189350934778, -0.20378042576826622, 0.12698501603455437, 0.05093064779663939, -0.16180327934847794, -0.06408721479356487, -0.022017897880053233, -0.21616149307445998, -0.1386828113325283, 0.08830719429692752, 0.017944089477651165, -0.03112593710570276, -0.14697963011318751, -0.16382311282704948, -0.05629614937539976, 0.037343109813469694, 0.0011951201474597606, -0.02683342027039229, 0.010131024291295754, -0.5597223265370224, -0.03435008427434602, -0.28273136892488876, 0.06609044317059484, -0.33264415293072247, -0.08233422561481316, 0.008324776175114332, -0.42280171281318957, -0.13465497300925122, -0.1541181750571189, -0.33853796286518867, -1.0014280672597322, -0.05273243630772234, -0.28210004274456846, -0.06380112538582872, -0.2470732692783152, -0.29533341139171876, -0.43620162083458214, -0.09661406389742314, -0.27528280710712816, -4.088372919900903, -0.2628659045721686, -0.09525414443240635, -0.5526531851007195, -0.3601023105744584, -0.450373612169553, -0.6662107665493593, -0.6136602680923628, -3.2467501766174034, NaN, -1.133707890208823, -Infinity, -Infinity, 0.05424073165106538, -Infinity, -0.923668375386755, -1.0577849526490755, -10.18450606797213, 0.09436172208321361, -0.1617937447151358, -0.10710700118356206, -0.20678144733590798, -5.798381620860245, NaN, -0.4647847997070035, -Infinity, -Infinity, -0.09606968844742628, -0.013917551841038128, -5.573914040033401, -Infinity, -Infinity, NaN, -Infinity, -27.63173911639779, NaN, -Infinity, -Infinity, NaN, NaN, NaN],