{"seed": 2, "beta_i": 0.016539144891292365, "beta_f": 0.15205281347231497, "t_iso": NaN, "t_collapse": 2000.0, "rho_min": 4.2137376426239666, "t_min": 240.0, "ca_final": 0.9322022091846404, "t_col_k": {"K1.3": 1700.0, "K1.5": 2000.0, "K2.0": 3180.0, "K3.0": NaN}, "beta_series": [-0.37560279254226164, -0.0462562556060436, 0.15126022784479123, 0.07373636382845125, -0.25801601196009405, 0.016339322384595067, -0.13427303279121666, -0.1706133327603142, -0.23153980767988147, -0.16693197963171774, -0.4353719773665502, 0.15185620466070576, -0.2433309742702947, -0.10645700949728656, -0.018269444906144516, -0.1830454826840977, -0.18809175104110415, 0.013246702542115435, -0.13699390458594593, -0.11106602037389633, -0.12591862561572256, -0.1383985038116279, -0.04714036127174394, -0.3476932073416551, 0.006949285341052006, -0.2868997428551417, 0.03511110317549633, 0.0173663817379113, -0.06853928167259478, -0.0350446045811558, -0.09934531718800872, 0.044779428746665226, -0.02676694274444677, -0.18755030975686562, -0.08396485397792743, -0.0413373114986252, 0.09466859231087445, -0.045399075181522586, -0.17566154256426003, 0.07364016001420653, -0.07714677397380333, -0.16020833965245507, -0.13286626074012164, -0.08704797722508659, -0.10408737041266203, -0.13672602265274061, -0.06491660925144963, 0.05185389651443846, -0.17222480309170335, 0.021902844809668226, 0.005316587217957594, -0.16420735142335757, 0.03251198194062918, -0.24673328004275347, 0.02792346544114313, 0.02293758932850809, -0.20201440674455573, 0.07909097281157727, 0.10375125161021018, -0.1968105193639425, -0.10261673465404525, -0.0860691580656206, -0.13676753538328393, -0.3485848109406597, 0.03638938674880113, -0.016381502085463073, -0.3435599443044909, -0.07841808255624615, -0.016787815628323308, -0.1574421008424172, -0.07387069250289059, -0.12444574012143461, -0.12124323908897766, 0.0545416634483996, -0.0212564264666915, 0.02683561414237806, -0.01083019670059586, -0.21224584789767303, 0.04188760171004667, 0.11547467666204635, -0.22668055918351226, 0.0010236566507842437, -0.028798539256318312, -0.013385907868525102, -0.05961142737592237, 0.14250303281502494, -0.030910345361507496, 0.001226516542333897, -0.15549619038642215, -0.10312496573045077, -0.15212889810548735, -0.0775146962811955, -0.02991594852938019, -0.2114337524093547, -0.09353052222780461, 0.0757679217299918, 0.04861504151577095, -0.05153952947176124, 0.04827807581447113, -0.023438591800718347, 0.0011567264491276902, -0.0006301233359059244, -0.0635199660836728, -0.16521507162502436, -0.10298522203145484, 0.02895538065918328, -0.007310844328447974, -0.023870335644165075, -0.0035402883370865, 0.11760668517917834, -0.054221639525823775, 0.02280346902337886, -0.051461627220771314, -0.03709114805410012, -0.07698682809667041, -0.03721675224520074, -0.029278387409873166, -0.05680531156426229, -0.054214710848611625, -0.013070806595392101, 0.10339583925710835, -0.2111725266896637, 0.019467102670555333, -0.11191171458567362, -0.029587957044077656, -0.06775367715899844, -0.2673201927612597, -0.13869108702964333, -0.0780203301734239, 0.10461973872040235, -0.15232376305743167, -0.02505072331292578, -0.07289238447014633, -0.08203321718062388, -0.08811463545005246, -0.14348732652579196, -0.036117598816166954, 0.031078353751248955, -0.11495956189743721, -0.08711498483006418, -0.06800217710953882, 0.00155293166566553, -0.11612140767942175, -0.04821357387941766, -0.049137307012713294, -0.0993566556484574, -0.1954624351315694, -0.09105124326032056, -0.10826767265027777, -0.09500830386879394, -0.030411897610277114, 0.0100308361502911, 0.045507355969240715, -0.05388112779725618, -0.11056462158675642, 0.008789517098151553, 0.037601018011362175, 0.02213581114879601, -0.06934532977336974, 0.05074059223611639, 0.03602847637117075, 0.07367765060563797, -0.06017434461032227, 0.009537765242573756, -0.14478635173841936, 0.03528694402417702, 0.042988148816751684, 0.01831371022900119, 0.05503356729495108, -0.028103819826698184, 0.05111587179458674, -0.011946658168572238, -0.01847740696971624, -0.10897213253131563, 0.07802423180784013, 0.019682436381361842, 0.10771134781106272, -0.010238392251650394, -0.03031424116316793, 0.09083039249752521, 0.04957194480152814, -0.052268393854654, -0.08124982734273374, 0.01582971625248017, -0.11015891148478346, -0.059710282902859596, 0.06481565060568206, -0.18712381388273458, 0.06871329666199112, -0.211920171426604, 0.07783489510804609, -0.10127815494325561, -0.05030428900576403, -0.03258814304847604, -0.07076014932034047, -0.08120788519214212, -0.1325086184608576, -0.12012467033955047, -0.021660139447017487, 0.15205281347231497], "t_series": [20, 40, 60, 80, 100, 120, 140, 160, 180, 200, 220, 240, 260, 280, 300, 320, 340, 360, 380, 400, 420, 440, 460, 480, 500, 520, 540, 560, 580, 600, 620, 640, 660, 680, 700, 720, 740, 760, 780, 800, 820, 840, 860, 880, 900, 920, 940, 960, 980, 1000, 1020, 1040, 1060, 1080, 1100, 1120, 1140, 1160, 1180, 1200, 1220, 1240, 1260, 1280, 1300, 1320, 1340, 1360, 1380, 1400, 1420, 1440, 1460, 1480, 1500, 1520, 1540, 1560, 1580, 1600, 1620, 1640, 1660, 1680, 1700, 1720, 1740, 1760, 1780, 1800, 1820, 1840, 1860, 1880, 1900, 1920, 1940, 1960, 1980, 2000, 2020, 2040, 2060, 2080, 2100, 2120, 2140, 2160, 2180, 2200, 2220, 2240, 2260, 2280, 2300, 2320, 2340, 2360, 2380, 2400, 2420, 2440, 2460, 2480, 2500, 2520, 2540, 2560, 2580, 2600, 2620, 2640, 2660, 2680, 2700, 2720, 2740, 2760, 2780, 2800, 2820, 2840, 2860, 2880, 2900, 2920, 2940, 2960, 2980, 3000, 3020, 3040, 3060, 3080, 3100, 3120, 3140, 3160, 3180, 3200, 3220, 3240, 3260, 3280, 3300, 3320, 3340, 3360, 3380, 3400, 3420, 3440, 3460, 3480, 3500, 3520, 3540, 3560, 3580, 3600, 3620, 3640, 3660, 3680, 3700, 3720, 3740, 3760, 3780, 3800, 3820, 3840, 3860, 3880, 3900, 3920, 3940, 3960, 3980, 4000],