{"seed": 1, "beta_i": -0.03418869518812344, "beta_f": -0.13958690761949774, "t_iso": NaN, "t_collapse": 2100.0, "rho_min": 4.766358972804159, "t_min": 420.0, "ca_final": 0.9263938085066984, "t_col_k": {"K1.3": 1660.0, "K1.5": 2100.0, "K2.0": NaN, "K3.0": NaN}, "beta_series": [-0.12411364924393488, -0.4568798546102073, 0.03481873342366776, -0.24109967229826534, -0.0677029268103526, -0.27393943541446764, -0.09671167565683465, 0.0699304134034852, -0.155173210424825, -0.09178832594491002, 0.018444777982144084, 0.08131704924722434, 0.045770061377694876, -0.02535918799867054, -0.19232311457404722, -0.21295090420143115, -0.012781179058835121, 0.062303894296453305, 0.12679646618564772, -0.3930827119599663, -0.1266958003588339, 0.01464906983339899, -0.033050001876925944, 0.01692580886456728, 0.07207221748069907, -0.04613982998119817, 0.020968195310074295, -0.27656428481166184, -0.01306044454394685, -0.0315436634069475, -0.33423075883063946, -0.004573786836052751, -0.12656032302104125, -0.11312248563416902, -0.13453791920559272, -0.184915547216733, -0.14818134735316246, 0.039668186292854776, -0.02236609977068872, -0.17302750153356794, -0.1711897276644957, -0.11144708534779549, 0.0766022108301161, -0.019831331261831425, 0.02695978304942616, -0.06095026322663534, -0.09302302040924801, -0.14337448057755323, -0.19540325280084048, -0.08650143374157569, 0.04211591469098884, -0.09469389525394231, -0.033392563794063426, -0.14421080248910684, -0.13321796525481056, 0.18089925528860618, 0.03325560262869748, -0.03348940573054825, 0.013120243077736654, -0.04085455981590716, -0.08259384324304718, 0.11797275529728492, -0.1143302655012312, -0.09010988785963006, -0.048160377121823736, -0.006954241205420153, -0.0864092021488007, -0.0797367503652444, -0.08974912661328716, 0.011026201939501656, 0.08231550051027768, -0.04673592512980344, -0.03625015617579071, -0.1820868240144155, -0.10477242360559223, -0.033631813028285065, -0.14815578469196317, -0.04113682815698223, -0.0408109812154277, -0.08604872372799902, -0.015723871314359483, 0.07543910810225359, -0.08392930571106369, -0.09393120805733308, -0.26783808700370315, -0.012790946699184694, -0.1278338066846419, -0.027624378075241568, 0.07375389833017709, -0.022238441099576955, -0.20106913328269949, 0.05681071927400219, -0.07075949283838619, -0.20792287151519095, -0.06447580742220836, 0.08586927218835695, -0.14685562330994484, 0.006706900087464329, -0.012414585656118138, -0.08380827877651145, -0.015951384940745134, -0.22445463093264856, 0.04008956748428877, -0.1008805706486745, -0.06154826789573822, -0.18511694134315176, -0.029233268252040742, -0.2243872060911928, 0.018133667376375104, -0.11050575580997474, -0.00223808423802499, -0.21952283874073975, -0.1382743359716425, 0.03344332400049005, 0.012167596771266484, -0.1495688074637978, -0.003286215621740335, -0.1502406996049031, -0.15952525078740284, 0.027705425887885646, -0.07808881515175285, -0.0029466406009071577, 0.06421102127131322, -0.04361683689473765, -0.10277455227252694, -0.027344118882475288, -0.20285292672621527, -0.03260009804762175, -0.01772012520239684, -0.16415474520274737, -0.05600559627882486, 0.0888165977083386, 0.05548332802249273, -0.09389241701435423, -0.11505569315487574, -0.04509706577504197, 0.04269084501868456, -0.04513067568419307, -0.13967417608108784, -0.023742359097325735, -0.11167228075195929, -0.043062856216995626, -0.09895294094772897, -0.04640161566091168, -0.21000010926480944, -0.02236267858485136, -0.014161342438069616, -0.18562757958294718, -0.05021627149228172, -0.13258696132674827, -0.050051263266130436, -0.029580689102151475, -0.06891630181827295, -0.06568871437291886, -0.08439409433556824, 0.023981826107261878, -0.09908035398815986, -0.15245736998344311, -0.06470635466324771, -0.17237758423010335, 0.034874903909062144, 0.04672866121955571, -0.08955783761417668, 0.0031607960356569986, 0.07670528649859724, -0.09588566675610602, 0.037247758110512286, -0.05454796427838464, -0.06449680379344097, 0.11348284331426374, -0.013104590771635172, -0.11257642971173336, 0.08427439473078903, -0.04855982462701379, -0.09815053722999759, -0.021436699865571007, -0.06297136935798824, -0.08638790603411088, -0.04228847062579505, -0.18793129316859167, -0.10382903259622084, 0.018180011659236148, -0.16977457723161116, -0.05516189820546272, 0.03458397504886895, -0.05215253748288781, -0.011658604751535573, -0.18968065288375102, 0.010707793561196985, -0.024258163415432576, 0.04002764560051486, 0.0644754072598782, 0.02299272440161651, 0.002875433780147277, -0.03540694605018614, -0.0516798660081975, -0.02300563827862248, -0.003805796580996265, 0.03221725997614469, -0.13958690761949774], "t_series": [20, 40, 60, 80, 100, 120, 140, 160, 180, 200, 220, 240, 260, 280, 300, 320, 340, 360, 380, 400, 420, 440, 460, 480, 500, 520, 540, 560, 580, 600, 620, 640, 660, 680, 700, 720, 740, 760, 780, 800, 820, 840, 860, 880, 900, 920, 940, 960, 980, 1000, 1020, 1040, 1060, 1080, 1100, 1120, 1140, 1160, 1180, 1200, 1220, 1240, 1260, 1280, 1300, 1320, 1340, 1360, 1380, 1400, 1420, 1440, 1460, 1480, 1500, 1520, 1540, 1560, 1580, 1600, 1620, 1640, 1660, 1680, 1700, 1720, 1740, 1760, 1780, 1800, 1820, 1840, 1860, 1880, 1900, 1920, 1940, 1960, 1980, 2000, 2020, 2040, 2060, 2080, 2100, 2120, 2140, 2160, 2180, 2200, 2220, 2240, 2260, 2280, 2300, 2320, 2340, 2360, 2380, 2400, 2420, 2440, 2460, 2480, 2500, 2520, 2540, 2560, 2580, 2600, 2620, 2640, 2660, 2680, 2700, 2720, 2740, 2760, 2780, 2800, 2820, 2840, 2860, 2880, 2900, 2920, 2940, 2960, 2980, 3000, 3020, 3040, 3060, 3080, 3100, 3120, 3140, 3160, 3180, 3200, 3220, 3240, 3260, 3280, 3300, 3320, 3340, 3360, 3380, 3400, 3420, 3440, 3460, 3480, 3500, 3520, 3540, 3560, 3580, 3600, 3620, 3640, 3660, 3680, 3700, 3720, 3740, 3760, 3780, 3800, 3820, 3840, 3860, 3880, 3900, 3920, 3940, 3960, 3980, 4000],