{"seed": 3, "beta_i": 0.03789259789394463, "beta_f": -0.16391146277511515, "t_iso": NaN, "t_collapse": 2680.0, "rho_min": 4.697281306531635, "t_min": 540.0, "ca_final": 0.8956913533013535, "t_col_k": {"K1.3": 1880.0, "K1.5": 2680.0, "K2.0": NaN, "K3.0": NaN}, "beta_series": [-0.17608417042339644, -0.09652723585740079, -0.22754899347581825, -0.014395735998140799, 0.02733434270125014, -0.04256394709808527, -0.008224988254987575, -0.07679727441682518, -0.40479962649603535, -0.016683274221031885, -0.08097549701596587, -0.06840746799237657, 0.002907556518055354, -0.1704369589966323, -0.10714731849858025, 0.0638070029839762, 0.11312676129732256, -0.0863136214385087, -0.0744770752038622, -0.012250354144923925, -0.04972505453731409, -0.08404215593411088, -0.14050250679560994, -0.1110396304927142, -0.0678422482688571, -0.20891467263450453, -0.0194823483134985, 0.03450046378175102, -0.13133436396164028, -0.10283130121728383, 0.20144680417562405, -0.051559541658887056, -0.0020718294890432615, -0.10096492146276445, -0.01875036481738261, 0.14407526226193124, -0.36510868304583, -0.14264470286969153, -0.02897512703714117, -0.06025469454298857, -0.019063725553437383, -0.06176238529552204, 0.05068816452652694, -0.1271640450227512, -0.10819296568259645, -0.01982489965734964, 0.012401275481618124, 0.019801703238014307, -0.1417369820825981, -0.06624261685055863, -0.08917025842154003, 0.08603798883196247, -0.05136845981852661, -0.24079008353544135, -0.16412209251604185, 0.0005220011509795147, -0.18656334791445917, -0.18716875236833844, -0.14370366222572378, -0.011107069172932083, -0.025460116000292687, -0.0455364153631775, -0.10937988054657379, -0.16608736715747857, -0.3404885727340181, 0.04618140645759526, 0.058403220540527226, -0.1228753102090714, 0.037725466697728166, 0.005127036199234991, -0.23967652783141236, 0.010639146510137545, -0.2688752259201576, -0.005661233188479761, -0.21092505504974615, -0.09452376371288954, 0.021361646965039935, -0.05589735438553273, -0.16853800041665956, 0.0987196240403804, -0.1436573313082531, -0.06325841597234698, 0.09268822027020214, -0.0761583522334871, -0.1799891853669306, -0.14269650148345042, -0.1785812337138052, -0.0343723020925495, -0.11450695513625263, 0.002303420288733829, 0.001751174480247128, 0.030737037685381552, -0.10473404274885802, -0.028567840438106423, 0.021353211436313607, -0.01725465944743848, -0.056157585509563596, -0.04327766926559602, -0.14110947021520723, -0.17386697308610155, -0.0894480214665646, 0.07387482298903544, -0.11245201887700058, -0.0276878328283547, -0.11621369874266521, -0.1372977766845407, 0.010127890412768834, 0.022176018183308596, -0.21496730985506093, -0.03411666173777818, 0.004145649086446129, -0.036693857170796915, -0.04840352788132504, 0.03828786229024904, -0.05691840607616644, -0.11852942692794775, -0.046702524276101234, 0.013305109589570818, -0.009613818273690192, -0.004097357941519941, -0.20166604698810314, -0.03775634254609547, 0.005911388371479323, -0.12994508363723156, -0.14573441491525135, 0.033669994437966505, -0.008985885809871613, -0.09787583992688287, 0.015587016944622403, -0.0012782742709938344, 0.002381689538281842, -0.03327991607174674, 0.02966284865053137, -0.005509718647348685, 0.030220956284328554, -0.10521964172519342, -0.06487675251458666, -0.01214814269607914, 0.047070006081636626, 0.016209720949643916, -0.14656904208541216, 0.04934476628532343, -0.08814299045330552, 0.027739860681363124, 0.10699013971870738, -0.013154739848380281, -0.12214262941469083, -0.11212174783598562, -0.027690964066426432, -0.001387910429753933, -0.02944312562090684, -0.028665851754573354, 0.04070556784290108, -0.20611116365404775, -0.0321629355859963, -0.034583366848928696, 0.0006986798522639476, -0.05032435812570109, -0.025224578631430628, -0.026607856631586504, -0.12020598451761037, -0.08186632064088126, -0.10057099744517269, -0.021576236475424962, -0.06930318478286956, -0.03967940644987045, -0.2643286892470558, -0.0621679441942716, -0.05601388047366562, 0.10917328764508662, 0.055627326597541646, -0.03742598471189655, -0.03657107334577557, -0.05949145733039518, -0.10928130388963514, -0.02918011119498319, -0.09412802405052866, -0.08014658062507037, -0.047677819778419464, -0.021343921753155998, -0.14464889676304565, -0.19568498452638572, -0.047929927375130896, -0.1475407656777482, 0.015079287004565706, 0.005673102234546257, -0.1893937859759522, 0.034482605817813886, -0.013829116597765909, -0.2756086593044533, 0.03193966352752754, -0.08278036161817867, -0.04499203580227146, -0.09744407890783457, 0.037477441797077876, -0.017821747475942423, -0.10244618176513766, -0.026317971943362176, 0.1706317998530914, -0.16391146277511515], "t_series": [20, 40, 60, 80, 100, 120, 140, 160, 180, 200, 220, 240, 260, 280, 300, 320, 340, 360, 380, 400, 420, 440, 460, 480, 500, 520, 540, 560, 580, 600, 620, 640, 660, 680, 700, 720, 740, 760, 780, 800, 820, 840, 860, 880, 900, 920, 940, 960, 980, 1000, 1020, 1040, 1060, 1080, 1100, 1120, 1140, 1160, 1180, 1200, 1220, 1240, 1260, 1280, 1300, 1320, 1340, 1360, 1380, 1400, 1420, 1440, 1460, 1480, 1500, 1520, 1540, 1560, 1580, 1600, 1620, 1640, 1660, 1680, 1700, 1720, 1740, 1760, 1780, 1800, 1820, 1840, 1860, 1880, 1900, 1920, 1940, 1960, 1980, 2000, 2020, 2040, 2060, 2080, 2100, 2120, 2140, 2160, 2180, 2200, 2220, 2240, 2260, 2280, 2300, 2320, 2340, 2360, 2380, 2400, 2420, 2440, 2460, 2480, 2500, 2520, 2540, 2560, 2580, 2600, 2620, 2640, 2660, 2680, 2700, 2720, 2740, 2760, 2780, 2800, 2820, 2840, 2860, 2880, 2900, 2920, 2940, 2960, 2980, 3000, 3020, 3040, 3060, 3080, 3100, 3120, 3140, 3160, 3180, 3200, 3220, 3240, 3260, 3280, 3300, 3320, 3340, 3360, 3380, 3400, 3420, 3440, 3460, 3480, 3500, 3520, 3540, 3560, 3580, 3600, 3620, 3640, 3660, 3680, 3700, 3720, 3740, 3760, 3780, 3800, 3820, 3840, 3860, 3880, 3900, 3920, 3940, 3960, 3980, 4000],