{"seed": 2, "beta_i": -0.14286113762599928, "beta_f": 0.02963139829670025, "t_iso": 20.0, "t_collapse": 1780.0, "rho_min": 5.180824970439303, "t_min": 820.0, "ca_final": 0.91407986048414, "t_col_k": {"K1.3": 1600.0, "K1.5": 1780.0, "K2.0": 3040.0, "K3.0": NaN}, "beta_series": [-0.04965097336923929, -0.0101435083305189, 0.015349752934222902, 0.01670770103727584, -0.05683321635287178, -0.015239589871601372, 0.01032277948810828, -0.08188635716737029, -0.141098871459473, 0.0029491990464862866, 0.14350837867311458, 0.056505418279754374, 0.11988312138699185, -0.03396533298531203, -0.014113575556332164, 0.04403807784964127, -0.13826785124816698, -0.10362723412048828, 0.04443484232821619, -0.09340318782522922, -0.0284305483962225, 0.14698133324566276, -0.1839668443276997, -0.060802832838829216, 0.05332355413725387, -0.1089451931984359, -0.0521544352421149, 0.00524423299132111, 0.0422398994414831, 0.06542883449240737, 0.01024738093423358, 0.06725864512840399, -0.1284453132820733, -0.03866075509231082, 0.025844703198777394, -0.017726742289501093, -0.005972272046603486, 0.053045576737435915, -0.04159295399779152, -0.17508989635541994, -0.05401810038187746, 0.061339283208124276, 0.03151465267375657, -0.04532534549434632, -0.047852038338309644, 0.011212029753656552, -0.03370121404155227, -0.20481523857927308, 0.06017546470141935, -0.03287146539157884, 0.024126700752050145, -0.0035799459103314224, -0.0503673361146372, -0.15447428637336405, -0.033720079128887775, -0.10183295395176412, -0.1377256165659762, 0.002736643473790129, 0.08492618164081354, -0.025233996234424474, -0.13934405703088976, 0.03563231864769846, -0.0038240246079465773, 0.007833897878059576, 0.023780233527211495, -0.002482671232192507, -0.06294309336313511, -0.02482001266984829, 0.06504527718467915, 0.08565207448837982, -0.011059313849558577, -0.054178472654396057, -0.047958680402008055, -0.034352968709650294, 0.0026210375612295, 0.012606286324256047, 0.07423035459335124, -0.043282394554511563, -0.13911436258270884, 0.03926109274245211, -0.07983879251474943, -0.07527163577447588, 0.03832354972895197, -0.023850000617499423, 0.023721517246087814, -0.0011222780166188634, -0.0013618167039832069, -0.09109803826809373, 0.017705262601102695, 0.0021049998737458775, -0.05390593808230447, -0.043743280002379925, -0.0017810173682011876, -0.057290183359776176, 0.014872267330796857, -0.004974062031679216, -0.03696821462419518, 0.07440346023600616, -0.054585006170157865, -0.01950033765072838, -0.025444705786462532, -0.09503625768533577, -0.029695928354601275, -0.020067376673221324, 0.08633277668086294, -0.067039496748085, -0.006268141894248, 0.016530265710825096, -0.02120059558097566, -0.11322032562237859, -0.07822097303344162, -0.03386121826088587, -0.06803231287326447, -0.08409550848945231, -0.028934414593992402, 0.000806936042557313, -0.05117380984251467, 0.017673887819243395, -0.06207195017473538, -0.0025283485130853517, -0.09223293298453566, 0.03215343971472413, -0.006809181344539866, -0.02539994726998754, 0.05491125911718844, 0.025755802132297112, 0.03067094902282337, 0.04408888905331422, 0.0514542566358442, -0.06695041749242645, 0.08804789536048259, 0.019475935004201736, -0.012575564085144555, 0.01863166382738253, 0.04670827130572586, -0.014426114477870108, -0.05106047734678948, -0.00128074213186527, -0.09517012562142972, 0.04202489663618099, -0.027555795807133063, 0.08293128806272175, 0.05822592538055375, -0.01921616431670313, 0.043507319582286055, -0.04045073543658491, 0.0543031802991773, 0.050059399680714864, 0.01738741112543972, -0.06795537658582486, -0.026838679782519206, -0.1125145125978551, -0.16521151170328213, 0.018339210182157006, -0.00431578905204949, -0.02592639417048445, 0.05045558041714479, -0.026186487255883725, -0.021907472066989953, -0.007834400444861639, -0.008218996952501084, -0.0036612309521031755, -0.032541796739891854, 0.04166668224750385, -0.026943519333542318, -0.012281343587264251, 0.037440352209219624, 0.04485696231360305, 0.030963481124889725, -0.08133620696123235, -0.06481829149242535, -0.10281902970722236, -0.06121276877143564, -0.04150623521949791, -0.02306756588918356, 0.0017376732051612581, -0.025194621996289038, -0.04556767954617483, 0.044954273967198824, -0.013832021222729987, 0.05561222690618538, -0.06634581739684266, 0.01599505250197282, 0.07570644752769258, -0.018021068038456753, -0.043886927396645764, -0.03197095134053428, -0.08523955836687004, -0.07829488032736524, -0.06591971021572485, -0.018543283934609356, -0.02532963205482791, -0.0254639125000381, -0.05005745985352465, -0.056674406657668444, -0.04138363196756942, -0.02297231733207719, -0.013274190489947532, -0.04510961878205877, 0.02963139829670025], "t_series": [20, 40, 60, 80, 100, 120, 140, 160, 180, 200, 220, 240, 260, 280, 300, 320, 340, 360, 380, 400, 420, 440, 460, 480, 500, 520, 540, 560, 580, 600, 620, 640, 660, 680, 700, 720, 740, 760, 780, 800, 820, 840, 860, 880, 900, 920, 940, 960, 980, 1000, 1020, 1040, 1060, 1080, 1100, 1120, 1140, 1160, 1180, 1200, 1220, 1240, 1260, 1280, 1300, 1320, 1340, 1360, 1380, 1400, 1420, 1440, 1460, 1480, 1500, 1520, 1540, 1560, 1580, 1600, 1620, 1640, 1660, 1680, 1700, 1720, 1740, 1760, 1780, 1800, 1820, 1840, 1860, 1880, 1900, 1920, 1940, 1960, 1980, 2000, 2020, 2040, 2060, 2080, 2100, 2120, 2140, 2160, 2180, 2200, 2220, 2240, 2260, 2280, 2300, 2320, 2340, 2360, 2380, 2400, 2420, 2440, 2460, 2480, 2500, 2520, 2540, 2560, 2580, 2600, 2620, 2640, 2660, 2680, 2700, 2720, 2740, 2760, 2780, 2800, 2820, 2840, 2860, 2880, 2900, 2920, 2940, 2960, 2980, 3000, 3020, 3040, 3060, 3080, 3100, 3120, 3140, 3160, 3180, 3200, 3220, 3240, 3260, 3280, 3300, 3320, 3340, 3360, 3380, 3400, 3420, 3440, 3460, 3480, 3500, 3520, 3540, 3560, 3580, 3600, 3620, 3640, 3660, 3680, 3700, 3720, 3740, 3760, 3780, 3800, 3820, 3840, 3860, 3880, 3900, 3920, 3940, 3960, 3980, 4000],