{"seed": 3, "beta_i": -0.13480288637146376, "beta_f": 0.019438515640287563, "t_iso": 40.0, "t_collapse": 1960.0, "rho_min": 6.66599479529857, "t_min": 200.0, "ca_final": 0.9071877544086203, "t_col_k": {"K1.3": 1600.0, "K1.5": 1960.0, "K2.0": NaN, "K3.0": NaN}, "beta_series": [-0.06865985031253612, 0.018135098505625155, -0.04875026453898432, 0.03270045715586421, -0.06701676873723263, -0.03144265342429958, 0.01913807451352338, -0.012171949128331458, -0.04358817091765796, 0.03896154967793104, -0.02076073360677136, -0.037974789187151345, 0.0381224230927321, -0.03337231861925577, 0.034393110560028944, -0.113506312419754, 0.011557276847261655, -0.07931353349317352, -0.02169804719233298, -0.04633963845108065, -0.1096702324256841, -0.014534085816082148, -0.03225324727351303, -0.02060374223690739, 0.018844195902089078, -0.045498471715304675, -0.15438300896360935, -0.02701941755073635, 0.04216063785173352, -0.13137590618288958, 0.019271542041834164, 0.05560067926650189, -0.20110857751635464, -0.0751459496494777, -0.08613066083844749, -0.08892798010232082, -0.02540949255909096, 0.02389669528318955, -0.11251392174076884, 0.04192965532165492, -0.06559051714145164, 0.049760530933489935, 0.020470485837523866, -0.1817614413076964, -0.07260609021500579, 0.012822371898575088, -0.13207987357744475, -0.060094730274952365, 0.050867525282316986, -0.0434505214209695, -0.025067960745977086, -0.09961686652059862, -0.09530299244534153, -0.05614305935794971, 0.05661908143609193, -0.08747357058115014, -0.102999838693166, 0.05669206385638906, -0.047087589674837574, -0.0038707423837433252, 0.13732106258612806, 0.0028857883547908636, -0.03511730400183709, 0.013055888834386686, -0.0200789629159613, 0.0406144842658471, 0.044958317120673344, -0.06702627750815737, -0.008729227660717293, 0.0857505103884215, -0.015522527474263456, -0.11381517480721906, 0.0659435560234581, 0.0077081184184116525, -0.060138362459156464, -0.0013545597976062362, 0.12432781158979701, -0.07310185830568221, -0.12458466627185374, -0.06821994616718438, 0.0944487458271987, 0.0035703029361589533, -0.004954943803106723, -0.03683797299802745, -0.007761137373694299, 0.023141109634385634, 0.031107485570454424, -0.02250933590384728, 0.09313904165943744, -0.03997284413053988, -0.1230482386887837, -0.02617086847774472, 0.041520588154648, -1.3372576040990292e-05, -0.047653146300930274, 0.07764505544532456, -0.02288228444625387, -0.0327812205059963, 0.11888469914086816, -0.11679985896248742, 0.03723616378580004, 0.04768156533466937, 0.09169736086188494, -0.02358971616381557, 0.002773723813420434, 0.07710460785539679, -0.022993265275722083, -0.0027615003733035964, -0.08481795749743352, -0.045883650537410614, 0.09585284321429288, -0.02826877944254126, -0.01761182477550316, 0.027853330116254016, -0.03488374032989788, 0.044513709196023474, 0.04160087618356183, -0.04083964996776561, -0.06316948680374908, 0.03306056242820028, 0.007138414020027392, -0.05215360588050594, 0.012090308633106603, -0.05836985797231424, 0.010325858290566176, -0.04182937323192493, -0.024573676456595292, -0.09343388089553152, -0.003650762509578326, -0.039332168637510184, 0.004079574108934739, -0.03227294298245979, 0.046813082253811006, -0.14306429179514452, 0.05069387457493517, -0.06959352423809065, -0.036420956547442346, 0.0016293614953089008, -0.08974940354313607, -0.09008688227467147, -0.08466441202704558, 0.06479919052748538, 0.018512953219810502, 0.017490604799408116, -0.06104515050887992, 0.03096769748990784, 0.05159528593780116, -0.006724892024564194, 0.07305024845320612, -0.03872277711756174, -0.03807726999839264, -0.037180526193540564, 0.002622303081384267, -0.010322337134349505, 0.03505883983736066, -0.08800886757042216, 0.005758546637291945, -0.010247282748192893, 0.02279481632576985, 0.012000313611323463, -0.022851584818045043, -0.023318700128461115, -0.05687702181076178, 0.02184346408381503, 0.011262014450482236, -0.05009534383896361, 0.04334053405809071, -0.04394008821310068, -0.06969086827837685, 0.01896698322748326, 0.05233780934911267, -0.07385867345586908, 0.036602913499052384, -0.01273377102526467, -0.020471960749891396, 0.026853903158968642, -0.10695628440134079, 0.02506065519394622, -0.003093421963571999, -0.1108298604383905, -0.046279784373074576, 0.054652706844303456, 0.030531269516154202, -0.016204921702885663, 0.03155666874832533, -0.019458285470327838, -0.0007566049356773907, -0.050018768082636236, -0.11925834093326262, 0.014931274464694971, -0.06106026645052916, 0.02976922368737167, 0.004498645920458955, -0.05961655312171585, -0.15864081212978315, -0.05135894684804185, 0.00789972130648288, -0.043256683405849275, -0.013004375231526588, 0.019438515640287563], "t_series": [20, 40, 60, 80, 100, 120, 140, 160, 180, 200, 220, 240, 260, 280, 300, 320, 340, 360, 380, 400, 420, 440, 460, 480, 500, 520, 540, 560, 580, 600, 620, 640, 660, 680, 700, 720, 740, 760, 780, 800, 820, 840, 860, 880, 900, 920, 940, 960, 980, 1000, 1020, 1040, 1060, 1080, 1100, 1120, 1140, 1160, 1180, 1200, 1220, 1240, 1260, 1280, 1300, 1320, 1340, 1360, 1380, 1400, 1420, 1440, 1460, 1480, 1500, 1520, 1540, 1560, 1580, 1600, 1620, 1640, 1660, 1680, 1700, 1720, 1740, 1760, 1780, 1800, 1820, 1840, 1860, 1880, 1900, 1920, 1940, 1960, 1980, 2000, 2020, 2040, 2060, 2080, 2100, 2120, 2140, 2160, 2180, 2200, 2220, 2240, 2260, 2280, 2300, 2320, 2340, 2360, 2380, 2400, 2420, 2440, 2460, 2480, 2500, 2520, 2540, 2560, 2580, 2600, 2620, 2640, 2660, 2680, 2700, 2720, 2740, 2760, 2780, 2800, 2820, 2840, 2860, 2880, 2900, 2920, 2940, 2960, 2980, 3000, 3020, 3040, 3060, 3080, 3100, 3120, 3140, 3160, 3180, 3200, 3220, 3240, 3260, 3280, 3300, 3320, 3340, 3360, 3380, 3400, 3420, 3440, 3460, 3480, 3500, 3520, 3540, 3560, 3580, 3600, 3620, 3640, 3660, 3680, 3700, 3720, 3740, 3760, 3780, 3800, 3820, 3840, 3860, 3880, 3900, 3920, 3940, 3960, 3980, 4000],