{"seed": 1, "beta_i": 0.008093775677799883, "beta_f": 0.0056306147138770885, "t_iso": NaN, "t_collapse": 2180.0, "rho_min": 5.837062800028281, "t_min": 900.0, "ca_final": 0.9383774460085027, "t_col_k": {"K1.3": 1680.0, "K1.5": 2180.0, "K2.0": 2560.0, "K3.0": NaN}, "beta_series": [-0.06197793425484523, 0.0014513352115076011, 0.03299150863734096, -0.0016004654216750375, 0.02539609725156508, 0.06405552993591032, 0.005664226663883581, 0.037767010040041085, -0.017772056045079365, -0.026585511902273096, -0.07990138476478519, -0.02200191519074106, -0.0366123382235224, -0.0010237869100663405, 0.024551073646765398, -0.04163182076483074, -0.036354350703836885, -0.058484211134279124, -0.02936169538421983, 0.07896769285601433, -0.1191126379261552, 0.16099821975474815, 0.02600813056190121, -0.014063888765892471, 0.08464127551292625, 0.012727085179081263, 0.05762136603059728, -0.07258378711487631, -0.04057890489144768, -0.0840616670369679, 0.05667484687954426, -0.04432835939527939, -0.06789240616592673, -0.09912735168200132, -0.057233219991791165, -0.010367662037834097, 0.06996463727339153, 0.07396183532808466, 0.03716282765626917, 0.013269626652360048, -0.14253062315892556, -0.07995317152444206, -0.03239836807661402, 0.00480384356125052, 0.019364298692867585, -0.11559335699261593, -0.0313227845913311, -0.005946342578706312, -0.009852569097518596, 0.057911977316033175, -0.10385521224881723, 0.02007334525047373, 0.04317149843486778, -0.13752762509506866, 0.006165531481360176, 0.09489645155505252, -0.041204496408141764, 0.06468468036657846, 0.018425911502949144, 0.04229671723950086, -0.06509563795001601, 0.0767203988859079, -0.03411633575621516, -0.017399809193307164, 0.05039081577631685, -0.040296634732417805, 0.01999271494503542, -0.11629984865074032, 0.051145178010615425, -0.026789373616193976, -0.06837432356264084, -0.11651170884666702, -0.05746462853824082, -0.023313346253745273, -0.09097641377763489, -0.2536376695103332, -0.12797192488272813, -0.08118490051586134, -0.07168708404007193, -0.11066651032509148, -0.018015636883290734, -0.032291859897407724, -0.006591771956354811, 0.0286336311478836, -0.019129373756560902, -0.05664680205721663, -0.021839508238435223, 0.017896962273990194, -0.05545018161184587, -0.05134199780731423, -0.0937230073290486, -0.0307287234170828, -0.0036066605554340297, -0.09766771942233594, -0.05490965956995687, -0.05074502050833668, -0.03350158723961863, -0.024808929711443148, -0.1537862037674432, 0.023743279022778174, -0.037698142982892355, 0.010261273469862553, -0.04180921356343803, -0.07900791579690845, -0.057837073770580644, -0.02792608916762375, -0.05217915695633528, -0.017691143783232263, -0.010630517845352364, -0.07774946853574068, 0.10268867297903131, -0.031028867866334367, 0.06546486573266237, -0.029637507426036366, 0.04617032968356129, -0.06534646339566469, -0.030183800172399133, -0.015494906932446456, -0.10174715230717658, 0.051237965986178635, -2.046935035066033e-05, -0.12922090281843862, 0.10012101267389686, -0.04626682273852872, -0.023759206040620137, 0.034842154658878896, 0.016692244788277022, -0.02564392799529039, -0.019123618420431754, -0.016012035583198525, 0.016884261197740613, -0.010139377295615148, -0.0727213954013086, 0.030968394133944213, -0.0423843565167185, -0.019362805876102354, 0.07595524057093381, 0.00937739579977187, -0.06120587874997159, -0.0610148094374226, -0.1188456752568106, 0.027696008661325128, 0.001233461536729194, -0.020149739272309647, -0.06961494916416675, -0.08135310742824217, -0.022787852872322184, 0.08086176825264955, -0.10993278012071403, 0.06735950981717588, -0.006737215637464655, 0.028518647964899724, -0.09370665617165444, -0.14270716664085606, 0.026555641685194836, 0.0617747162009267, 0.0342820976468203, 0.07683380790555648, -0.09366149090921697, -0.0038569042006788845, 0.018982417516270583, -0.08642319327623305, 0.0036052894471229197, -0.01829441293315974, 9.34712815897909e-05, 0.03575950489871181, -0.028618358821220116, -0.02353574012987869, -0.01941064522771664, 0.10928858790756335, 0.014885579220466655, 0.01045819362687292, 0.007551970457381388, 0.02368444322868256, 0.0042090712986249945, 0.0651334567062602, -0.09626554553799273, 0.005538283404535035, -0.06872879233122985, -0.002154576420028559, -0.011758395642219907, 0.027199454389708194, 0.041112797878164284, -0.10404058321366667, -0.013857148737417238, 0.00038578747762579857, -0.04832716916757329, -0.000644249302698699, -0.09068344955243159, -0.0021386268823485044, -0.005756988398393906, -0.04554103991441086, 0.018165407903687564, -0.04220690516633896, -0.06051788846056416, -0.0934394176385198, -0.12962801924626666, -0.026074340880692673, -0.0027190977959853646, 0.0056306147138770885], "t_series": [20, 40, 60, 80, 100, 120, 140, 160, 180, 200, 220, 240, 260, 280, 300, 320, 340, 360, 380, 400, 420, 440, 460, 480, 500, 520, 540, 560, 580, 600, 620, 640, 660, 680, 700, 720, 740, 760, 780, 800, 820, 840, 860, 880, 900, 920, 940, 960, 980, 1000, 1020, 1040, 1060, 1080, 1100, 1120, 1140, 1160, 1180, 1200, 1220, 1240, 1260, 1280, 1300, 1320, 1340, 1360, 1380, 1400, 1420, 1440, 1460, 1480, 1500, 1520, 1540, 1560, 1580, 1600, 1620, 1640, 1660, 1680, 1700, 1720, 1740, 1760, 1780, 1800, 1820, 1840, 1860, 1880, 1900, 1920, 1940, 1960, 1980, 2000, 2020, 2040, 2060, 2080, 2100, 2120, 2140, 2160, 2180, 2200, 2220, 2240, 2260, 2280, 2300, 2320, 2340, 2360, 2380, 2400, 2420, 2440, 2460, 2480, 2500, 2520, 2540, 2560, 2580, 2600, 2620, 2640, 2660, 2680, 2700, 2720, 2740, 2760, 2780, 2800, 2820, 2840, 2860, 2880, 2900, 2920, 2940, 2960, 2980, 3000, 3020, 3040, 3060, 3080, 3100, 3120, 3140, 3160, 3180, 3200, 3220, 3240, 3260, 3280, 3300, 3320, 3340, 3360, 3380, 3400, 3420, 3440, 3460, 3480, 3500, 3520, 3540, 3560, 3580, 3600, 3620, 3640, 3660, 3680, 3700, 3720, 3740, 3760, 3780, 3800, 3820, 3840, 3860, 3880, 3900, 3920, 3940, 3960, 3980, 4000],