{"seed": 2, "beta_i": 0.0061905286288996275, "beta_f": 0.032103748895614695, "t_iso": NaN, "t_collapse": 1920.0, "rho_min": 5.756472189377003, "t_min": 320.0, "ca_final": 0.9436240958992165, "t_col_k": {"K1.3": 1740.0, "K1.5": 1920.0, "K2.0": NaN, "K3.0": NaN}, "beta_series": [0.09714340940335238, 0.07804864284099824, 0.028609562623252913, -0.02093160536116305, 0.010369383538296306, 0.03657853683955216, -0.06639166816009326, -0.03762090061488976, 0.032797112441578596, 0.016034788381537338, -0.12785405592691296, -0.01919931424920855, 0.03210511040078182, -0.0179110648125963, -0.11112786163032054, 0.07459755325850814, 0.04284886777605039, -0.03842738826909925, -0.010739324346549187, -0.020925540343846236, -0.12308531383286342, -0.02101707354841964, 0.0062808404950300545, -0.04120755993886925, -0.08667863148707311, -0.020210832350312805, -0.09191311354631405, 0.0034706778224892904, -0.11010418964299441, 0.008405732541924699, -0.020239182256987953, -0.032787435016039215, 0.001586142904324933, 0.055352904987898646, -0.09111755711044106, 0.04674985611051835, -0.06001111635411477, -0.01727767258423124, -0.08096383429462731, -0.07627499262139976, 0.09885816135849514, -0.06099903852432155, -0.010677309917340838, -0.04757104695389318, -0.10309915358609695, -0.0394245228273775, -0.041692745087799965, 0.028189287648199904, -0.1290565564380372, -0.04541795273753334, -0.07796984566106048, 0.033551070121054516, -0.001065579508104722, -0.005897077067118228, -0.02062971118281362, 0.034682044815548804, 0.10089132858442174, 0.017738492378883128, 0.04429173989379363, 0.01322005750601439, -0.03155645827053709, 0.027941073078649542, 0.010017559529395939, -0.0230044411975521, -0.029853466027665296, -0.1511302485797642, -0.03284153314097274, -0.10548404622500358, -0.03246208232358562, 0.06816472271839512, 0.08465884060049012, 0.036685396690226496, -0.02574341377168407, -0.037072698687735245, -0.04645993629759369, -0.051344464727423905, 0.046977184060541036, -0.03624594040499564, -0.0023697963456434518, -0.019959477225834632, -0.03414442883513065, -0.09970750746174882, 0.015641697768688526, 0.03136489237361868, 0.02644996901251788, -0.05257872272179223, -0.05226740456510115, 0.03413211444330612, 0.01332622141508015, -0.033935372389507015, -0.061157384654737995, -0.006539100169821038, 0.02859094520287815, -0.04506889545163294, -0.07328210725290633, 0.013767376109828228, -0.03903653143393428, 0.0018382301924719097, -0.03541057859815282, 0.008597811523525734, 0.02716542352193918, 0.04110330147973465, -0.022997660074979068, -0.003501328588099706, -0.022391289619606958, -0.07508660356653621, -0.05495198391990505, 0.011219286246278173, -0.03460883685787734, -0.009189930974983301, 0.02387316885794795, -0.010815738483899759, -0.014901871806509703, 0.02269569611543272, -0.028309307482732, -0.03620888483534179, 0.020869259463363668, -0.028487322596307, 0.021763317792126438, -0.03198721398158022, -0.029704601921163032, -0.024950303882556604, 0.004432353726954941, -0.10601432129775723, -0.0721711398750126, -0.002610620138379094, -0.06415221316825713, 0.07697514281321247, 0.01248091052454589, 0.017362822803288575, 0.025160181402988452, -0.07652770983775324, 0.014407628787218282, -0.05259538067329564, -0.011871594371917302, 0.031016955590271678, -0.03972325834216742, 0.05360860745965182, -0.017834595224862623, 0.01817635042572266, 0.0018042366768282608, 0.008791591005346405, -0.05334208168660241, -0.05244485278741598, 0.03272885251885439, -0.08431418583707709, 0.025981343220149306, -0.026129128420875863, -0.06323393474092619, -0.009149863874633346, 0.008550805777238601, -0.02862724697724965, -0.08432367244820385, -0.048599469977968004, 0.06804963536511606, 0.026949828634331943, 0.04210031554651815, 0.024435397460335143, -0.017261507609996007, 0.05868773521163349, 0.01072234910451604, 0.03545322944550758, 0.01825303502607689, 0.008084611903062103, -0.02364414540143911, 0.02600707653900311, -0.03259656598223494, -0.023309796346991832, -0.029102882721201304, -0.016064760384523313, -0.006981244477303319, -0.03265258978044157, -0.03510070260429761, 0.019296455954174688, -0.007439082219060256, 0.03076409760502609, -0.033195706306956965, -0.054963168468065385, 0.012037511266610637, -0.04485803094065456, -0.0353369251877822, -0.07600260141916707, 0.014908203991849958, -0.005443889100639324, 0.025680261145362787, 0.030763016886842506, 0.014655130183075793, 0.017461761588113245, 0.006044005354486348, -0.036222821327893145, -0.05841822159464077, -0.012699985919918458, -0.00014114618842871185, -0.04685200242485767, 0.03342651201134861, -0.045001815085021046, 0.05653380863300693, -0.009181041415724026, -0.04634185264535104, 0.032103748895614695], "t_series": [20, 40, 60, 80, 100, 120, 140, 160, 180, 200, 220, 240, 260, 280, 300, 320, 340, 360, 380, 400, 420, 440, 460, 480, 500, 520, 540, 560, 580, 600, 620, 640, 660, 680, 700, 720, 740, 760, 780, 800, 820, 840, 860, 880, 900, 920, 940, 960, 980, 1000, 1020, 1040, 1060, 1080, 1100, 1120, 1140, 1160, 1180, 1200, 1220, 1240, 1260, 1280, 1300, 1320, 1340, 1360, 1380, 1400, 1420, 1440, 1460, 1480, 1500, 1520, 1540, 1560, 1580, 1600, 1620, 1640, 1660, 1680, 1700, 1720, 1740, 1760, 1780, 1800, 1820, 1840, 1860, 1880, 1900, 1920, 1940, 1960, 1980, 2000, 2020, 2040, 2060, 2080, 2100, 2120, 2140, 2160, 2180, 2200, 2220, 2240, 2260, 2280, 2300, 2320, 2340, 2360, 2380, 2400, 2420, 2440, 2460, 2480, 2500, 2520, 2540, 2560, 2580, 2600, 2620, 2640, 2660, 2680, 2700, 2720, 2740, 2760, 2780, 2800, 2820, 2840, 2860, 2880, 2900, 2920, 2940, 2960, 2980, 3000, 3020, 3040, 3060, 3080, 3100, 3120, 3140, 3160, 3180, 3200, 3220, 3240, 3260, 3280, 3300, 3320, 3340, 3360, 3380, 3400, 3420, 3440, 3460, 3480, 3500, 3520, 3540, 3560, 3580, 3600, 3620, 3640, 3660, 3680, 3700, 3720, 3740, 3760, 3780, 3800, 3820, 3840, 3860, 3880, 3900, 3920, 3940, 3960, 3980, 4000],