{"seed": 3, "beta_i": -0.06292778761023034, "beta_f": 0.05102480028203807, "t_iso": 40.0, "t_collapse": 2180.0, "rho_min": 6.424222963344736, "t_min": 820.0, "ca_final": 0.9570580794899614, "t_col_k": {"K1.3": 1880.0, "K1.5": 2180.0, "K2.0": 2880.0, "K3.0": NaN}, "beta_series": [-0.09037000492935417, -0.0022793905113108054, 0.01584668746858195, 0.027698237303699302, -0.10435102630593897, -0.04757245543057061, -0.04390660959552002, 0.022081824120578283, -0.04274848840931479, 0.059107943223095524, 0.00944859671542407, -0.03584608816909214, 0.04719357034598838, 0.0723665856876235, 0.05209829860111792, -0.044521617644438446, -0.018123804547494488, 0.06746662812838025, 0.039543356623955486, -0.07728028383852223, -0.16713546474442592, 0.014844667857551161, -0.04859973283639095, -0.02441781185847544, -0.03990667256247393, -0.15284842583993402, 0.07295739249026116, -0.05884248789850981, -0.014201388071488158, -0.03774602406554278, -0.004488220569060605, -0.024529427251397964, -0.010375852926201523, -0.07178949948196021, 0.03628151756382417, -0.11823288679054768, -0.0810368871506541, -0.027273919044066744, 0.003421457540123296, -0.03597825624143747, -0.050010596376641125, -0.057704120214987706, -0.07940433288792581, -0.07453616705739823, 0.04875226894700173, -0.04599593358454099, 0.027192037335440608, -0.0028593444100689647, 0.04501844974741709, -0.03055536654905909, 0.03413018142185674, -0.04790112739219825, -0.0930692321122343, -0.08435932189464163, -0.02894669272027202, -0.10801794109515137, 0.0694438300062713, 0.0417068785110897, -0.021924029522205415, -0.022290401338936894, 0.024330413138760207, -0.15158666284944589, -0.04894791017143783, 0.038055225771928464, -0.054588808031569055, 0.030809563291505068, -0.025322183952208935, -0.005399203667833016, -0.013360797250393353, -0.08107259224140902, -0.09434895198768423, -0.0601223808240844, -0.009542985466441084, 0.10496349805980808, 0.11139386236418246, -0.015314906772643216, 0.06667742371652147, 0.0037698275293146233, -0.04914605387123143, -0.12339006919776568, -0.007900855160122552, -0.04833164611645409, -0.012470452251275882, 0.005239802666640217, -0.05746869385656214, 0.026047775175564003, -0.031918417634239415, -0.02535828584722752, 0.04473989237068958, -0.03715240619394618, 0.029703381531534165, -0.032252423688810414, 0.050591122058721044, -0.0022481598793144403, 0.000733317404322878, 0.019920093402614733, -0.07225412306269348, -0.004091061390747136, 0.03148732983822054, -0.030460241960831413, -0.03548699004431216, 0.03703762962047073, -0.04244820724811681, -0.013440374844362668, 0.032152132651360174, 0.020077936838086022, -0.05921657977835591, 0.06517656738632716, 0.004364804222422691, 0.05552977699800658, -0.04193384487320573, 0.027251552894596645, -0.029663581176906886, 0.060805764499961695, -0.017514983678904666, -0.039805948850150916, 0.008937085766337186, -0.1072663378623415, -0.05164964330308221, 0.002652772193202896, 0.0047383020316788815, 0.013940318081100522, -0.020272506156553086, 0.002394992405124252, -0.013804789482105728, -0.0381765481013011, -0.008442447064216457, -0.040366780874479646, 0.007954091063128804, -0.004750701166151464, 0.03335657089268605, 0.04816475158091947, -0.001303806656995768, -0.020717007141211108, 0.0328143355419227, 0.015216354787856448, -0.04028467235407855, -0.02634263143848338, -0.08985823560021382, -0.003198117317666907, 0.004846482625018869, -0.00441717289305997, 0.03464822926265633, -0.026991002164134845, -0.0021371827652126724, 0.08850553347622563, -0.08284261308731668, 0.08787227981790728, 0.011175559926040649, 0.058877222616984484, 0.021718830680826487, -0.014083248743265525, 0.052229326131652695, -0.022642901642317234, 0.008241828293078401, -0.024248117736335006, -0.02410064598493998, 0.013148894850850065, -0.02123395264219291, 0.06335152209247877, -0.037552551494586264, 0.02636633192449149, 0.1108306604500057, -0.05920020244437843, 0.04703882572685364, -0.09558384673756352, 0.04480155168658577, -0.02290021664962122, 0.01011061993583881, 0.07124814861337632, -0.00875466160229156, 0.09131257478262851, 0.007687939687635745, 0.014414740700690237, -0.03151071491331238, -0.11617879136115448, -0.10893349958704668, 0.0026804638947127146, -0.05264903971691101, -0.027956493747000224, 0.021229844905961387, -0.029286878403290514, -0.017256977859630693, -0.06821126276938404, -0.025344984435374043, 0.02560074935179249, 0.06801409640643832, 0.013561185923746277, 0.03588621510328942, -0.0915681234634216, -0.04534142415665922, 0.007031220288513773, 0.008717880268210798, -0.002729347704386653, 0.010122803098103872, 0.0139509288524068, -0.016439507958868962, -0.03760582899092445, -0.039171425403566995, 0.05102480028203807], "t_series": [20, 40, 60, 80, 100, 120, 140, 160, 180, 200, 220, 240, 260, 280, 300, 320, 340, 360, 380, 400, 420, 440, 460, 480, 500, 520, 540, 560, 580, 600, 620, 640, 660, 680, 700, 720, 740, 760, 780, 800, 820, 840, 860, 880, 900, 920, 940, 960, 980, 1000, 1020, 1040, 1060, 1080, 1100, 1120, 1140, 1160, 1180, 1200, 1220, 1240, 1260, 1280, 1300, 1320, 1340, 1360, 1380, 1400, 1420, 1440, 1460, 1480, 1500, 1520, 1540, 1560, 1580, 1600, 1620, 1640, 1660, 1680, 1700, 1720, 1740, 1760, 1780, 1800, 1820, 1840, 1860, 1880, 1900, 1920, 1940, 1960, 1980, 2000, 2020, 2040, 2060, 2080, 2100, 2120, 2140, 2160, 2180, 2200, 2220, 2240, 2260, 2280, 2300, 2320, 2340, 2360, 2380, 2400, 2420, 2440, 2460, 2480, 2500, 2520, 2540, 2560, 2580, 2600, 2620, 2640, 2660, 2680, 2700, 2720, 2740, 2760, 2780, 2800, 2820, 2840, 2860, 2880, 2900, 2920, 2940, 2960, 2980, 3000, 3020, 3040, 3060, 3080, 3100, 3120, 3140, 3160, 3180, 3200, 3220, 3240, 3260, 3280, 3300, 3320, 3340, 3360, 3380, 3400, 3420, 3440, 3460, 3480, 3500, 3520, 3540, 3560, 3580, 3600, 3620, 3640, 3660, 3680, 3700, 3720, 3740, 3760, 3780, 3800, 3820, 3840, 3860, 3880, 3900, 3920, 3940, 3960, 3980, 4000],