{"seed": 1, "beta_i": -0.018899245264273112, "beta_f": -0.011970028103875263, "t_iso": NaN, "t_collapse": 1820.0, "rho_min": 5.710420411861987, "t_min": 700.0, "ca_final": 0.9442123022041039, "t_col_k": {"K1.3": 1540.0, "K1.5": 1820.0, "K2.0": 2840.0, "K3.0": NaN}, "beta_series": [-0.060860961568149144, 0.005074105627305578, -0.08515150731473646, -0.027278678071457993, -0.04285378337428833, -0.1281937507881916, -0.0645823164169569, 0.014211153288721218, -0.035758886058490036, -0.003478737558646028, 0.011135369577879556, 0.004649882644382292, -0.013668765020724075, -0.056169117022956336, 0.06662977317477191, 0.011301880430261937, -0.025234791082176675, -0.05313302019631698, -0.04544273221162688, -0.03123252286410874, -0.11027635077684883, -0.003811904220293774, -0.015705500416454507, -0.09503333827591291, -0.13568420976709572, -0.017806569266907865, -0.031429015955193124, 0.02080470596013323, -0.022226166074373832, -0.04289450824908163, 0.05537041855343117, -0.035301880226965954, -0.022929385474954975, -0.06308203705948386, -0.03355090346121438, 0.014751948676667195, -0.046965100045768746, -0.07271895262551986, 0.07218121782818938, -0.03618857996081032, -0.04614639195918055, -0.02540396796153853, 0.04211875826181391, 0.021166377335588835, -0.014888076852012627, -0.05559935195908308, -0.01620736750245444, -0.05391333215854288, 0.033155918449100596, -0.03173840596362504, 0.01632101173469487, 0.0008655276839671794, 0.02162777516988909, -0.04502375506020778, -0.019681211943357355, -0.061029252575434276, 0.07224536477368233, -0.0641601528280712, 0.001038293854941294, 0.025221436808765235, 0.008702844183629863, -0.13566434007623437, -0.021961981183677787, 0.0763168875766025, 0.0018799963004985376, -0.0796148721721696, -0.028129242735995375, -0.09109183149900718, -0.006750317677384182, -0.018502232264686544, 0.00046453089322660845, 0.050759666859003266, -0.018571486359837422, 0.004969608008794993, -0.02425752080007014, 0.04488094500645684, -0.013666172066762655, -0.07623307546836519, -0.09235841992194721, 0.058244193840004496, -0.051230695685472116, -0.10311852255208716, 0.08769926812416665, -0.13020860423541528, -0.009015090672822246, -0.059038260500079334, -0.10673879820609261, 0.025137801113124678, 0.05611644697142644, -0.011055624513213264, -0.07126685339800042, 0.03824099086723577, -0.07156024743028239, 0.030216915196809024, -0.0026590937976549156, -0.015556006622939378, -0.015343559192237496, -0.013317563334602336, -0.06861544560217989, -0.02215280579400372, -0.007458726117128528, -0.007822469691456502, -0.04974209696677363, -0.03191981785154996, 0.035378568223008666, -0.030487958238000518, 0.07546421009237587, 0.08146665290386632, -0.0527815705185839, 0.022347918400662595, -0.008217031149238399, 0.014250401064697119, 0.010319042760776956, 0.0034201655496124833, -0.06592170913540843, 0.003447723467664754, 0.001420718880525168, -0.02718739842876501, -0.024435231075142713, -0.029143598050815178, -0.018782084974900873, -0.03665727759218365, 0.009088090239524449, 0.018567653315299207, -0.06897989264387622, 0.07786211843082864, 0.0316553120367663, -0.015155439561969547, -0.05206086491676992, -0.021866684168127565, 0.02557527827554444, -0.062131287493490006, 0.00012597558330973424, -0.017161525580219883, -0.02359507640683345, 0.016904173089672195, -0.021249837584944295, 0.03158062537299633, -0.05680206244660509, -0.028967771136595336, -0.023303035629344118, -0.026827121184488698, -0.014208280271983148, -0.0011845058992320245, -0.06785089685276743, 0.0014889790315546492, -0.06465711543137895, -0.05709418861983552, -0.07029394112848816, -0.04611270070605737, -0.08031596072797259, -0.0755663468424476, -0.00926362807027259, -0.10071546678083751, -0.05088006387717474, -0.040246230549069964, 0.033921997833028336, -0.06397507594445406, -0.006940791427928486, 0.009389746876474592, -0.011713724279453025, -0.023197387188346685, -0.0012553070333784083, -0.021543110802299592, 0.0002687183609183935, 0.044955299648309216, 0.006885537316799389, -0.07277932068695678, -0.006405247715352516, 0.00842638113804986, -0.0639461822494139, 0.0012384934637816175, 0.03555893629773245, -0.07107173490680865, -0.013711145828592522, -0.1011822333573092, 0.03824641395644697, -0.03138403610581271, 0.060659955940636404, -0.04319088231376411, -0.035952713508420664, -0.04627900776481274, -0.05181617867351947, 0.02587123655926185, 0.025081026026643666, -0.023703741454403626, -0.02688229467617395, 0.03068715434867418, 0.0356199552668964, 0.0028241760930217824, 0.004312883944264781, 0.033312918229211536, -0.05075054431231482, -0.009236277019057063, -0.07204644724778077, 0.060844467437314934, -0.012106362752343808, 0.0011981854260604968, 0.035968628538752836, -0.011970028103875263], "t_series": [20, 40, 60, 80, 100, 120, 140, 160, 180, 200, 220, 240, 260, 280, 300, 320, 340, 360, 380, 400, 420, 440, 460, 480, 500, 520, 540, 560, 580, 600, 620, 640, 660, 680, 700, 720, 740, 760, 780, 800, 820, 840, 860, 880, 900, 920, 940, 960, 980, 1000, 1020, 1040, 1060, 1080, 1100, 1120, 1140, 1160, 1180, 1200, 1220, 1240, 1260, 1280, 1300, 1320, 1340, 1360, 1380, 1400, 1420, 1440, 1460, 1480, 1500, 1520, 1540, 1560, 1580, 1600, 1620, 1640, 1660, 1680, 1700, 1720, 1740, 1760, 1780, 1800, 1820, 1840, 1860, 1880, 1900, 1920, 1940, 1960, 1980, 2000, 2020, 2040, 2060, 2080, 2100, 2120, 2140, 2160, 2180, 2200, 2220, 2240, 2260, 2280, 2300, 2320, 2340, 2360, 2380, 2400, 2420, 2440, 2460, 2480, 2500, 2520, 2540, 2560, 2580, 2600, 2620, 2640, 2660, 2680, 2700, 2720, 2740, 2760, 2780, 2800, 2820, 2840, 2860, 2880, 2900, 2920, 2940, 2960, 2980, 3000, 3020, 3040, 3060, 3080, 3100, 3120, 3140, 3160, 3180, 3200, 3220, 3240, 3260, 3280, 3300, 3320, 3340, 3360, 3380, 3400, 3420, 3440, 3460, 3480, 3500, 3520, 3540, 3560, 3580, 3600, 3620, 3640, 3660, 3680, 3700, 3720, 3740, 3760, 3780, 3800, 3820, 3840, 3860, 3880, 3900, 3920, 3940, 3960, 3980, 4000],