{"seed": 3, "beta_i": -0.08558977661732962, "beta_f": 0.033747606078846595, "t_iso": 20.0, "t_collapse": 1980.0, "rho_min": 7.166807875774369, "t_min": 640.0, "ca_final": 0.9545774873753212, "t_col_k": {"K1.3": 1700.0, "K1.5": 1980.0, "K2.0": 3120.0, "K3.0": NaN}, "beta_series": [-0.025210076751652946, 0.04659700108370274, 0.006659443002784177, -0.003703213813281897, -0.03728512032113354, 0.025520929989210822, 0.07156925616580817, -0.06151292008241581, 0.010501862490898503, -0.001142825352274085, -0.05225412343348207, 0.004555311518020008, -0.01316179049884346, 0.03468410774629768, -0.031825836012046915, 0.021339384259447952, -0.08945970291737523, 0.052667220623824104, 0.00229585099924777, 0.06095269343926836, -0.050123425627291926, 0.03258243096086058, -0.04088268662968897, 0.034099845398046905, -0.0917332536597279, -0.08209417988509725, -0.026425705943227337, -0.025831073595659712, -0.015166156608792891, 0.026413193274537478, -0.07054313059217372, -0.09469519457128056, -0.024190453948223153, 0.033985377916404866, 0.02566884204429261, -0.07703626273940109, -0.013064484345415572, 0.016686830007255182, -0.10842632914492731, 0.04071328975921354, -0.01895179759772299, -0.033790144723471444, 0.015951411038844746, 0.018394573898139102, -0.013463670196029343, -0.062427283317726345, 0.011417093420086871, -0.015546966449790783, 0.09252727765668517, -0.04653675004009569, -0.029150836011574782, -0.016301068896255322, 0.04183814163487598, 0.005088682867247299, -0.09320798758172968, -0.07068927910239772, 0.01167963928245401, -0.08240535987708085, 0.04087621136301693, -0.03546003137970305, 0.04304675890238149, 0.009855664344114348, -0.05138413345229856, -0.046738685042109054, -0.04477924939409628, 0.062242329647411374, 0.0547640178054976, -0.005292730504748183, -0.0314944362307029, -0.005130159989637451, -0.03608969875736569, -0.0805888967915156, -0.0574402378426956, -0.002120731764821887, 0.0462533592717818, 0.007742160581711718, -0.01688608323451979, 0.05676367320684875, -0.0075037773688808596, 0.005668845727202845, 0.0070976364826410565, 0.00798112913503829, -0.06645711147651052, -0.026143629617690234, 0.023798161127834852, -0.019580635643691127, -0.03805624408799342, 0.021090347209294938, 0.06989957279176316, -0.04431793431938451, -0.005804480623020886, 0.03396975337640315, -0.024025446217622037, -0.0002133221794763801, 0.027948074067537645, -0.03463542620582995, -0.01572699296959343, 0.0013808569387872421, -0.0733354375133035, 0.023021171431300544, -0.02153065043904498, -0.0823125824478312, -0.02460413926293241, -0.04102339340289364, -0.019246807783073375, -0.036425978652788404, -0.020339322975116425, -0.0037635929939788537, 0.024810509351218382, -0.04874443747876733, -0.019295588280082585, -0.0006513563793387744, 0.004535975038846299, -0.023703383099306585, 0.013415117157001666, -0.028782486810360844, -0.04859514667276463, -0.07890071833589986, 0.023983723659854544, 0.005067642437992764, -0.010298213652794722, -0.0030693359042031354, -0.06439540292659579, -0.03947258208186015, 0.021267694064423026, 0.012047979195617162, -0.03552970803377979, -0.03655967821115777, -0.013656588035229636, -0.022713257078928836, 0.0005278005458402707, -0.014865398182142345, 0.00756730937714753, 0.014539496308725891, -0.040616878853964505, 0.009332567371914874, 0.03590717514517405, 0.01917431940186981, -0.02105660883651088, -0.06501963160439903, -0.01665634606481259, 0.009709955849180357, -0.04156348659401554, -0.011816882158939751, -0.08299223240936157, -0.010617910662178348, 0.004948774480990903, 0.03361236530259962, 0.008610107733030573, 0.037791675475724124, 0.023507738173540724, -0.006834052622484599, -0.015368985353331463, -0.08158186701522328, -0.0152130945474451, -0.005178631643039472, -0.004258784750651584, -0.05883205980108151, -0.042342962881199334, 0.03773421389378573, 0.0016474736822462144, 0.03539315775016011, 0.051518088539436194, 0.01746168378030606, -0.0452935426504809, -0.02319999407779237, -0.03878810315434976, -0.02443269495187443, 0.019146597577006694, 0.0015116731240717302, 0.029724290718502897, 0.033000002934189074, -0.03008958738038435, -0.04063085580881985, -0.029226925327697995, -0.03313940280324744, -0.010598503793398495, 0.026818405698325554, -0.017460242145166185, -0.0004380212967321495, -0.029437226969170865, -0.00752430718653925, 0.007325254060832245, -0.06267577405724269, 0.025089166813749716, -0.0011955813855170916, 0.06879245949414314, -0.033970967891289436, -0.003184654831988251, 0.012162275919954918, 0.04363157146544193, 0.0004926442138595694, 0.008137595661719316, 0.0023302093576550442, 0.030221267110642838, -0.032874675830656466, 0.01914125775828103, -0.014382173172030999, 0.05684413911695349, 0.033747606078846595], "t_series": [20, 40, 60, 80, 100, 120, 140, 160, 180, 200, 220, 240, 260, 280, 300, 320, 340, 360, 380, 400, 420, 440, 460, 480, 500, 520, 540, 560, 580, 600, 620, 640, 660, 680, 700, 720, 740, 760, 780, 800, 820, 840, 860, 880, 900, 920, 940, 960, 980, 1000, 1020, 1040, 1060, 1080, 1100, 1120, 1140, 1160, 1180, 1200, 1220, 1240, 1260, 1280, 1300, 1320, 1340, 1360, 1380, 1400, 1420, 1440, 1460, 1480, 1500, 1520, 1540, 1560, 1580, 1600, 1620, 1640, 1660, 1680, 1700, 1720, 1740, 1760, 1780, 1800, 1820, 1840, 1860, 1880, 1900, 1920, 1940, 1960, 1980, 2000, 2020, 2040, 2060, 2080, 2100, 2120, 2140, 2160, 2180, 2200, 2220, 2240, 2260, 2280, 2300, 2320, 2340, 2360, 2380, 2400, 2420, 2440, 2460, 2480, 2500, 2520, 2540, 2560, 2580, 2600, 2620, 2640, 2660, 2680, 2700, 2720, 2740, 2760, 2780, 2800, 2820, 2840, 2860, 2880, 2900, 2920, 2940, 2960, 2980, 3000, 3020, 3040, 3060, 3080, 3100, 3120, 3140, 3160, 3180, 3200, 3220, 3240, 3260, 3280, 3300, 3320, 3340, 3360, 3380, 3400, 3420, 3440, 3460, 3480, 3500, 3520, 3540, 3560, 3580, 3600, 3620, 3640, 3660, 3680, 3700, 3720, 3740, 3760, 3780, 3800, 3820, 3840, 3860, 3880, 3900, 3920, 3940, 3960, 3980, 4000],