{"seed": 1, "beta_i": -0.03385269300332194, "beta_f": -0.03889467409710286, "t_iso": NaN, "t_collapse": 2340.0, "rho_min": 5.508943885233792, "t_min": 980.0, "ca_final": 0.9689069992793912, "t_col_k": {"K1.3": 2020.0, "K1.5": 2340.0, "K2.0": 3300.0, "K3.0": NaN}, "beta_series": [0.020278160706368425, -0.06287760108531039, -0.057324921385396854, 0.024278486427774887, 0.007447831737934743, -0.010153977980889253, -0.03897036541904739, 0.028901701678388972, 0.03177025851782862, 0.039733282483391086, -0.05631685980939073, 0.08096689031485, -0.0013433767112896317, -0.052584415540683646, -0.03184838227274435, -0.0636546199369654, -0.07406868858981991, 0.024099697266125972, -0.011023457896746774, -0.03559077014731893, -0.007029144014872021, -0.037302435526871555, -0.025670211602094636, -0.02898361062726021, 0.002355187667835157, 0.11479016936381278, -0.023539115595883064, -0.03873567574186779, -0.07002787143524895, -0.09742111373781141, -0.0042563314747757625, -0.0644676696819554, -0.056221300639940006, 0.06806268073671937, -0.04688579917168166, -0.09189468324697227, -0.04679661848609375, -0.049855000684231945, 0.011777977144397989, -0.010329885380618423, -0.03916942701267509, -0.02149749751320819, -0.04454110454560965, -0.003997576977927533, -0.026696604352435108, -0.035590050651161026, 0.03321517605781621, -0.02211770392831483, -0.09211647046258083, -0.05219869984080132, 0.025911891994989056, -0.020326087295911358, 0.02068873659407096, 0.04032209460714371, -0.014703050437908718, -0.03982344321322291, 0.040053280020599935, 0.06454391237312757, -0.02859652061115668, -0.08172430468998187, -0.05914342874973891, -0.0674396563010056, 0.005738066177169668, -0.02159296570289411, -0.03780613836511604, 0.007119382741304622, -0.016363011766486135, 0.02009022983618948, -0.12529955864970707, -0.020386246021123294, -0.010551653624434387, 0.015998612554465066, -0.03992455558900024, -0.011979607017582175, 0.06120164847941906, -0.00928190990223654, 0.009603324907975622, -0.02970119835875372, -0.00013113536535747095, -0.014857221589291786, -0.007655788416061585, -0.04353830563693395, 0.0439678328655243, -0.03870816957039397, 0.026977006552592844, 0.004255221194593067, -0.02070684957002654, -0.04467673243183069, 0.01072398525886882, -0.07301688460418884, -0.030291887539550505, -0.08393274382192414, -0.03075262119040617, -0.04430844181750229, -0.0016424041779145165, -0.001083137138232368, 0.011278106875394017, -0.050282072046034465, -0.08933431467897758, 0.05851770447344361, -0.03657036698390377, -0.0010340782309980617, -0.01625311822546245, -0.0019997934009255564, -0.07055239938799465, 0.023258567636851815, 0.024498418590867585, -0.013097203259583703, 0.0036679201551298307, -0.001615040341209753, 0.006702401110920325, -0.06617203827415864, -0.02146289581225115, 0.03417212002551687, -0.03972172913371405, -0.01045079805165608, -0.041716178867711076, -0.031835416816405185, 0.01618570001786454, -0.024003794494806163, -0.026941852215618983, 0.018292929001264835, -0.05157074829725462, -0.09030483326769174, 0.01981401854364917, -0.07401729349682365, 0.0017478783297085326, -0.013084385442304655, 0.04089230088244457, -0.040263918757120945, 0.013792889576593206, -0.0007118575124610699, -0.026741775485240135, 0.0507662396794159, -0.013153578530988197, -0.042981384268516235, -0.009072755303494037, 0.021456019973942364, -0.09224537017047792, -0.027247544322480458, -0.03013844953939472, 0.002172990577658032, -0.10862673650256796, 0.014062974189880117, -0.0032948267292661065, 0.005770851476092326, -0.05165415625660641, 0.02327565349357491, -0.060372303216394876, -0.07183162056719053, 0.018446966207597434, 0.0045218976714780645, -0.027455550317926736, -0.03735463985579332, -0.008543309277750585, -0.02550859295935974, -0.04133627332417519, -0.09022008719848204, 0.03663441988175907, 0.000783280188184951, 0.02628989168612643, 0.002828980320010055, -0.08945004416402692, 0.05655736346303468, 0.08970590502179684, -0.08183996040520093, -0.02049152479659412, -0.06374108794445243, -0.012900602579474202, 0.0568836369741588, -0.018639685112780177, 0.03385672559514688, -0.06269126024237238, 0.02875693389216054, 0.011466229185883456, -0.025630471268105873, 0.032224012784364, -0.04914955742381644, 0.057420858151110823, 0.03996065970889713, -0.03210268259409804, -0.009667191365265254, 0.019027647498570693, 0.010487078138228523, -0.0029808236119679143, 0.025477518356859255, 0.035019869258822334, -0.04768009890097487, 0.02546553843791624, -0.030384413379514835, 0.05493905876023564, -0.01283710842348551, -0.041303701944792076, 0.003187407277694204, -0.020182409106091592, 0.0019433788790619022, -0.018050858795593788, -0.015070618614547573, -0.0002450553197503452, -0.03889467409710286], "t_series": [20, 40, 60, 80, 100, 120, 140, 160, 180, 200, 220, 240, 260, 280, 300, 320, 340, 360, 380, 400, 420, 440, 460, 480, 500, 520, 540, 560, 580, 600, 620, 640, 660, 680, 700, 720, 740, 760, 780, 800, 820, 840, 860, 880, 900, 920, 940, 960, 980, 1000, 1020, 1040, 1060, 1080, 1100, 1120, 1140, 1160, 1180, 1200, 1220, 1240, 1260, 1280, 1300, 1320, 1340, 1360, 1380, 1400, 1420, 1440, 1460, 1480, 1500, 1520, 1540, 1560, 1580, 1600, 1620, 1640, 1660, 1680, 1700, 1720, 1740, 1760, 1780, 1800, 1820, 1840, 1860, 1880, 1900, 1920, 1940, 1960, 1980, 2000, 2020, 2040, 2060, 2080, 2100, 2120, 2140, 2160, 2180, 2200, 2220, 2240, 2260, 2280, 2300, 2320, 2340, 2360, 2380, 2400, 2420, 2440, 2460, 2480, 2500, 2520, 2540, 2560, 2580, 2600, 2620, 2640, 2660, 2680, 2700, 2720, 2740, 2760, 2780, 2800, 2820, 2840, 2860, 2880, 2900, 2920, 2940, 2960, 2980, 3000, 3020, 3040, 3060, 3080, 3100, 3120, 3140, 3160, 3180, 3200, 3220, 3240, 3260, 3280, 3300, 3320, 3340, 3360, 3380, 3400, 3420, 3440, 3460, 3480, 3500, 3520, 3540, 3560, 3580, 3600, 3620, 3640, 3660, 3680, 3700, 3720, 3740, 3760, 3780, 3800, 3820, 3840, 3860, 3880, 3900, 3920, 3940, 3960, 3980, 4000],