{"seed": 2, "beta_i": 0.027821157436097574, "beta_f": -0.04061721977323832, "t_iso": NaN, "t_collapse": 1800.0, "rho_min": 6.268798214231556, "t_min": 340.0, "ca_final": 0.950793418028074, "t_col_k": {"K1.3": 1580.0, "K1.5": 1800.0, "K2.0": 2480.0, "K3.0": NaN}, "beta_series": [0.037055423143325675, 0.016819985399245063, 0.0027433657950751145, -0.119326061172356, -0.05746687815039231, -0.027620054088468723, 0.0404853022005503, -0.07782606128581777, 0.050266539923048, -0.0013342718273952059, -0.03905356632476226, -0.0029929361037004526, 0.035983170123453936, -0.03431436176794443, -0.05142740801913713, -0.05434890841588258, -0.04550360482899536, -0.011496087040322761, -0.003794414632243809, 0.0412963369248555, 0.04252793838923716, -0.030503092947539973, -0.034398978534125366, -0.024460757763276747, -0.0735396996692612, 0.05130863945117117, 0.008331878671995432, -0.004903576599345497, -0.019140329130728564, -0.04789704735721015, 0.05256161500817552, -0.04148753422840537, 0.053436501698059455, 0.0037779475915192817, -0.1074467389831538, 0.04210763284926902, -0.09901940862501203, -0.05741843168514485, 0.018167962871629112, -0.06680813086282603, -0.008029280983912077, -0.005177307544495455, -0.025896657717335278, -0.029331026044210853, -0.007324937116687913, -0.04749715724984474, -0.01869381215491997, -0.03359418142406399, 0.0038498370907076584, -0.06305945714078937, -0.006049742669935423, 0.00905707725838241, 0.0010530175439793094, -0.06820887728973293, 2.35224718922733e-05, -0.10054736935232882, 0.013737261449037239, 7.947407647984628e-05, -0.07951461904805501, -0.01233937887269465, 0.04022847798231527, -0.00978939422679416, 0.03628315929398393, -0.03079770516965122, 0.07393283544832753, -0.03292387588706078, -0.06481019722323716, 0.02914525592736815, -0.029146547981196397, 0.05634140695613718, 0.03428261581892143, 0.035367478087865944, -0.09343595500299547, 0.011098603224588777, -0.06252281816171153, -0.014416573182912867, -0.013697318612900758, 0.051808793761507335, 0.04095731346572137, -0.011717902060858001, 0.005541538137177698, -0.0143006846277616, -0.09814031384258509, 0.024183822763301582, -6.337572495540567e-05, -0.02089155900314582, -0.005400683073765039, -0.07386518442322315, 0.04109231462703926, -0.033294921303814645, -0.01919556841067563, -0.005145502186186812, -0.02039309851142662, -0.03133932349825294, -0.049475969125911665, -0.04290549284303331, 0.06257636314261754, 0.036849724690477925, -0.029208325268498314, -0.010003628605738973, 0.02681305543142147, 0.04365599515991016, -0.03989354837779702, 0.008938898914504306, 0.0014940276962189664, 0.016347469554468128, 0.0022403382208742995, -0.006871718808870192, -0.029116705742331828, -0.0009893719868541845, -0.03530028244669936, 0.004240750063879292, -0.03557078656562762, -0.01996019498504377, 0.00727003333513368, -0.05239046943012751, 0.03310057830095159, 0.005262666002123509, -0.012216578856746527, -0.006549326583508472, -0.04403181531724985, -0.08243233579631475, -0.02778298583881776, 0.025110840485466787, -0.04805873502944545, -0.053469397549326975, -0.013048528225033995, -0.08035787051787537, -0.011738859709845922, 0.01622279875318572, 0.004079920600766923, 0.018494486791460665, 0.005463828685300959, 0.028258210335532635, -0.06137371390819836, -0.0010464351779885805, 0.01450932381612731, -0.049835384001163455, 0.018058797772350157, -0.016280377084112646, 0.016452925102997798, -0.01249570161421057, 0.023132939377581707, -0.032625536878544775, 0.02192212831560736, 0.052062857983191685, -0.02411810312006242, -0.008000651967274355, 0.030703734296622834, 0.04989984399327217, -0.04546700244302611, 0.023608470704676157, 0.007247575849923471, -0.01082534244188628, -0.015174422985555727, -0.040373397872835406, -0.020153863726243032, -0.0358625680746604, 0.04592284178936261, -0.026008168429446157, -0.009670304995523071, -0.015401753076709254, -0.005326168990727714, 0.024435330725709956, -0.04124694511415691, -0.011504644434959355, -0.035032938069694874, -0.0879740367227125, -0.02503759646774724, -0.008141965140659818, -0.01784485946421173, -0.07197664003666782, -0.0002431910440798546, 0.005703240582230193, -0.030225181373594298, -0.008000522676820651, -0.010596105204200748, 0.030908655484656045, -0.003956040118302209, -0.030049987642115805, -0.020202862498799046, -0.029639611868803303, -0.013366386570179065, -0.06109580233965288, -0.018641175294572224, 0.012961920352663955, 0.02106564456040344, 0.08728337184211266, -0.030444820684070367, 0.014528913819655445, 0.005389314177940682, -0.009329315091607157, -0.008871176462175723, -0.03436982902142356, -0.004259188835338365, 0.00650653459719347, -0.07421133480242063, -0.008866384451291676, 0.015254319255989288, -0.04061721977323832], "t_series": [20, 40, 60, 80, 100, 120, 140, 160, 180, 200, 220, 240, 260, 280, 300, 320, 340, 360, 380, 400, 420, 440, 460, 480, 500, 520, 540, 560, 580, 600, 620, 640, 660, 680, 700, 720, 740, 760, 780, 800, 820, 840, 860, 880, 900, 920, 940, 960, 980, 1000, 1020, 1040, 1060, 1080, 1100, 1120, 1140, 1160, 1180, 1200, 1220, 1240, 1260, 1280, 1300, 1320, 1340, 1360, 1380, 1400, 1420, 1440, 1460, 1480, 1500, 1520, 1540, 1560, 1580, 1600, 1620, 1640, 1660, 1680, 1700, 1720, 1740, 1760, 1780, 1800, 1820, 1840, 1860, 1880, 1900, 1920, 1940, 1960, 1980, 2000, 2020, 2040, 2060, 2080, 2100, 2120, 2140, 2160, 2180, 2200, 2220, 2240, 2260, 2280, 2300, 2320, 2340, 2360, 2380, 2400, 2420, 2440, 2460, 2480, 2500, 2520, 2540, 2560, 2580, 2600, 2620, 2640, 2660, 2680, 2700, 2720, 2740, 2760, 2780, 2800, 2820, 2840, 2860, 2880, 2900, 2920, 2940, 2960, 2980, 3000, 3020, 3040, 3060, 3080, 3100, 3120, 3140, 3160, 3180, 3200, 3220, 3240, 3260, 3280, 3300, 3320, 3340, 3360, 3380, 3400, 3420, 3440, 3460, 3480, 3500, 3520, 3540, 3560, 3580, 3600, 3620, 3640, 3660, 3680, 3700, 3720, 3740, 3760, 3780, 3800, 3820, 3840, 3860, 3880, 3900, 3920, 3940, 3960, 3980, 4000],