{"seed": 4, "beta_i": -0.1899583006194101, "beta_f": 0.027714302433809457, "t_iso": 20.0, "t_collapse": NaN, "rho_min": 2.8552102059309936, "t_min": 3920.0, "ca_final": 0.9506132377334531, "t_col_k": {"K1.3": 1860.0, "K1.5": NaN, "K2.0": NaN, "K3.0": NaN}, "beta_series": [-0.0881649950052604, 0.038214811347869845, 0.02699665041389504, -0.07908684900573221, -0.010656837253921345, 0.0782530519092514, -0.2766739645564291, 0.0228763066121902, 0.05845237987872118, -0.11113827830687263, -0.3651182203332745, -0.058959897721115456, -0.19724186137461835, -0.07384735728344388, -0.18501515258603762, -0.040547698058479575, 0.06902908735841216, 0.021648277878360475, 0.06657562559113041, -0.11882636080076035, -0.025855004264333292, -0.07856620776579802, -0.04100398203384943, -0.1331454201367951, -0.030202943394793708, 0.03869466582606594, -0.02717928285246171, -0.019415834215237363, 0.08908269285414777, -0.09520111983272735, -0.046656726802271106, -0.2611576833202949, -0.18065686568744505, -0.02907010577621684, -0.028697327499360756, -0.1361831205673407, -0.0014653611081593132, -0.09921246425741195, -0.1513625776423066, 0.03586580860281509, 0.021219425735354347, -0.004334680468813121, -0.015967909341029804, -0.06543170956546367, -0.005668574503328902, -0.08673465015353694, -0.11863045424204949, -0.15462118883231823, -0.07327020166150384, 0.07404635582579619, -0.04518269263775529, 0.009262495108692315, -0.03780397076153756, 0.008890986384567603, -0.05349245663402902, -0.017581278731212874, 0.04632104624958383, -0.09423116248050765, -0.09343428641547784, -0.05584568402680602, -0.18315124319175746, 0.008314819333434156, 0.11077533585343165, 0.021535187769168476, -0.13126560806028809, -0.0020006675931023427, -0.0905108384787384, -0.12986812042969045, -0.14023375310640424, -0.06101380333789931, -0.01703084170394245, 0.014577719321068494, -0.06325905876853934, 0.017427575935389072, -0.041026690853920286, -0.012022977169458979, 0.013494799143058261, -0.0792931515491623, 0.052636317172379946, -0.038548981062115614, -0.05038954190732221, 0.035861723995052316, -0.024188463003372046, -0.1217357945365158, 0.07952025387896487, -0.15222757067036347, -0.15669874602373274, -0.04592686461046916, -0.11882913344533198, -0.012195350592093215, -0.008461339411262592, 0.059574870297557064, -0.08693358063120082, 0.014758216595766482, -0.030777161820535595, -0.10498845901780479, -0.11778304493275459, 0.07420578631053075, 0.08131905485656868, -0.05033243037512698, -0.10592640120601453, 0.04227430292147574, 0.07584763719630565, -0.00024667938826200553, -0.031752877814739136, -0.13536263692654837, -0.012010392665355973, 0.017362588913924948, -0.07822339018328558, -0.05771920942691845, -0.033369587792862074, 0.007292790582385009, -0.12487939114452395, -0.03954133464811496, -0.13771094502638587, 0.017896776287490687, -0.04887279965851546, 0.0889347878431864, 0.0376884026550898, 0.025953599816878392, -0.12624800509140577, -0.05799141346463926, 0.04384467460483528, 0.05803564615012728, 0.027039045918256427, -0.06809555232588167, -0.031157459166601495, 0.062210094379364755, 0.06613591256490599, 0.0723057005578724, -0.09758153787153985, -0.07302770180959146, -0.10545094602556294, -0.01245797207993761, -0.1820695754736707, -0.04608556238332333, 0.06093693060981965, 0.013456498844113901, -0.07992064974548208, 0.0011338681063457062, -0.09735184608110081, -0.044710900110124865, -0.18134266321192855, -0.04755790107151789, -0.12240461416931046, -0.1257595116329167, 0.014216725529277302, -0.06421452940495816, -0.22647484469520127, -0.008854686764735178, 0.017472226853675027, -0.08526464157077904, -0.014079452013294608, -0.02721704005431358, 0.036875131091752195, 0.0373833059508966, 0.012234021548791663, 0.01617229308749392, -0.03385665095254438, 0.0615851197324459, 0.06994934532088859, -0.04409999186554969, -0.05215694061128004, -0.1446683598754982, -0.031994982313135606, -0.0018134884113601007, -0.02078658821657041, 0.05138118338297848, -0.025290624629295808, 0.07511565289603818, 0.01526146845421833, -0.13962444561960705, -0.001733662056482413, -0.132092502857814, -0.1027135600487794, -0.01672810502267094, 0.03774076994999795, -0.11377250677910157, 0.0708305836824337, -0.0542661507714715, 0.019353172059535476, -0.0658146035692893, -0.09098366708234874, -0.11116440208287577, 0.07808776550043117, -0.2137551522552724, -0.00823137383223238, 0.10017414393236852, -0.10979961776056074, 0.10923210437474262, -0.07288533793565558, -0.06992724411527751, -0.4983095656907852, -0.2687425342900888, -0.27194528466521173, -0.29500945303401793, -0.49050885315058246, -0.21829592523054694, 0.01214596737397787, 0.027714302433809457], "t_series": [20, 40, 60, 80, 100, 120, 140, 160, 180, 200, 220, 240, 260, 280, 300, 320, 340, 360, 380, 400, 420, 440, 460, 480, 500, 520, 540, 560, 580, 600, 620, 640, 660, 680, 700, 720, 740, 760, 780, 800, 820, 840, 860, 880, 900, 920, 940, 960, 980, 1000, 1020, 1040, 1060, 1080, 1100, 1120, 1140, 1160, 1180, 1200, 1220, 1240, 1260, 1280, 1300, 1320, 1340, 1360, 1380, 1400, 1420, 1440, 1460, 1480, 1500, 1520, 1540, 1560, 1580, 1600, 1620, 1640, 1660, 1680, 1700, 1720, 1740, 1760, 1780, 1800, 1820, 1840, 1860, 1880, 1900, 1920, 1940, 1960, 1980, 2000, 2020, 2040, 2060, 2080, 2100, 2120, 2140, 2160, 2180, 2200, 2220, 2240, 2260, 2280, 2300, 2320, 2340, 2360, 2380, 2400, 2420, 2440, 2460, 2480, 2500, 2520, 2540, 2560, 2580, 2600, 2620, 2640, 2660, 2680, 2700, 2720, 2740, 2760, 2780, 2800, 2820, 2840, 2860, 2880, 2900, 2920, 2940, 2960, 2980, 3000, 3020, 3040, 3060, 3080, 3100, 3120, 3140, 3160, 3180, 3200, 3220, 3240, 3260, 3280, 3300, 3320, 3340, 3360, 3380, 3400, 3420, 3440, 3460, 3480, 3500, 3520, 3540, 3560, 3580, 3600, 3620, 3640, 3660, 3680, 3700, 3720, 3740, 3760, 3780, 3800, 3820, 3840, 3860, 3880, 3900, 3920, 3940, 3960, 3980, 4000],