{"seed": 3, "beta_i": -0.05165008577926346, "beta_f": -0.04965296972531803, "t_iso": 180.0, "t_collapse": 1860.0, "rho_min": 6.677507739677323, "t_min": 420.0, "ca_final": 0.9388016697818832, "t_col_k": {"K1.3": 1540.0, "K1.5": 1860.0, "K2.0": 2960.0, "K3.0": NaN}, "beta_series": [-0.13788440343093394, -0.04578675567270053, -0.03222167313979685, -0.06337873201721654, -0.07294504916558027, -0.08544308201463732, -0.08847873212814066, -0.1846847750806159, -0.011917443716312162, -0.01687011428341023, 0.052256627429357175, -0.029604865106853617, 0.16746605110651314, -0.07256122758557997, 0.11459324980767217, -0.07840622557259415, -0.06939094333283326, -0.100511066242331, 0.04114179383113076, 0.04851107725215291, 0.051070723386572967, -0.003881698556682564, -0.023033812424335845, -0.0657505342678784, -0.05216310742175537, -0.10108140021342236, -0.060096656369955356, 0.041435986725593274, -0.02737904642136589, -0.1124345798322823, -0.1257063633467167, -0.04301914703476098, -0.00558499096173895, 0.07807337500378676, -0.031769557540022225, 0.0788514764354033, -0.06855837557133239, -0.20963841389511745, -0.21296573265507712, -0.04385193958597573, 0.028552606432743377, -0.04296341433639275, -0.059606093103998226, 0.008946740567281355, -0.07385565893714716, -0.06364912630685768, -0.09726432784796137, -0.06401684932538582, 0.059463656340539545, 0.0021426456457953186, -0.026896518641949793, 0.06861677744785576, -0.0199897471534818, 0.02218413370258325, -0.01833984122392608, 0.10077597387364616, 0.02850774838346308, 0.021971926858510557, 0.07411556208125679, 0.05317921995276648, -0.09724347078476721, -0.009579849873180502, -0.09893259677589065, -0.07017684719192947, -0.1520818931561697, -0.004703762449872376, -0.1030818431042195, -0.11797608652860425, -0.07876983540945914, 0.04717062335582192, -0.005808102577112617, -0.045242565148799124, -0.06164045264498359, -0.01708510380503532, -0.019172220381997326, -0.1268220683274089, -0.09964175094894799, -0.16944232166890272, 0.021887704893707505, -0.024637792353869106, -0.0490564376859097, -0.1221883766287884, -0.03201034175331702, -0.037661906917229426, 0.008570152150073174, -0.025127914950454716, 0.005401291884165257, 0.04326652887572516, -0.12971109815676718, -0.061715815751371875, -0.0850073402145178, -0.09177112246273898, 0.0773393103572997, -0.08474526623302882, 0.01504920161917328, -0.002305995316839171, 0.03821011961957485, -0.08882584582113795, -0.06353731225504902, 0.05464626680785796, -0.10240057867379049, -0.06562187867351185, 0.03406246475427581, -0.022942747505924385, 0.030531175006374325, -0.04994664275786588, 0.13153576021701274, 0.009302545309097396, -0.03842323870207266, 0.0279597353991219, 0.03666012053529763, -0.005360065529919383, 0.0025855701772978246, -0.06436921226537032, 0.07846073622878681, -0.10252115666566343, -0.06991194323423926, -0.06254738243164673, 0.06001333372469281, -0.06275969000295961, -0.013220167565192356, -0.010757137671625644, -0.09933010083601035, -0.015107056032137953, -0.02318432075758077, -0.02393409217745196, 0.0014104514270612128, -0.08637305621576045, -0.05499816076178955, -0.08066018389064325, 0.08935502785070797, -0.032743085678228936, -0.03288471678573014, -0.03060450671477119, -0.04811081849128941, -0.0052544337843099115, -0.1517213662145378, 0.0041042474692414566, 0.0040384843424944306, -0.07399721340083944, -0.11710829158262392, -0.005172380645451988, -0.07807003012939816, 0.0021815296893599873, 0.0034765494497137617, 0.03327371691736897, -0.06088593078610066, -0.07832550726020271, -0.049112220708034934, 0.005747672574477558, -0.04279540967043084, -0.09311512558315971, 0.01364339904963155, 0.08125038184166977, -0.033942946340577165, 0.0193348304977861, 0.006218901519576672, -0.07143242405018135, -0.05547502824752221, -0.07144454387364294, 0.01608369806929691, -0.03870090113474567, 0.0335896107049419, 0.01944157407874933, -0.10544415598229097, 0.032747101660616576, -0.0018840510419858153, -0.09723813548494499, -0.07779950253982428, -0.06433414209562399, 0.025753892569648107, -0.027337186921916834, 0.0301317036073111, -0.03580713148859094, -0.12079957481102671, 0.032452408881412986, -0.03962798853881487, -0.03929797319795965, -0.003945976462663897, -0.010917176039604279, 0.12745834116512772, -0.17943983556207896, -0.03139107021249184, -0.10981424878947349, -0.016889956754494534, -0.12245493183821514, 0.00897023907945374, -0.0340693803998412, 0.02572830903878036, -0.03183039806657323, -0.04222848065966882, 0.070475502651104, 0.08631171991047881, 0.04815407026517804, -0.005109926820388189, -0.06777121855013137, 0.18053183946167545, 0.10764261652175465, -0.03222157165700433, -0.04965296972531803], "t_series": [20, 40, 60, 80, 100, 120, 140, 160, 180, 200, 220, 240, 260, 280, 300, 320, 340, 360, 380, 400, 420, 440, 460, 480, 500, 520, 540, 560, 580, 600, 620, 640, 660, 680, 700, 720, 740, 760, 780, 800, 820, 840, 860, 880, 900, 920, 940, 960, 980, 1000, 1020, 1040, 1060, 1080, 1100, 1120, 1140, 1160, 1180, 1200, 1220, 1240, 1260, 1280, 1300, 1320, 1340, 1360, 1380, 1400, 1420, 1440, 1460, 1480, 1500, 1520, 1540, 1560, 1580, 1600, 1620, 1640, 1660, 1680, 1700, 1720, 1740, 1760, 1780, 1800, 1820, 1840, 1860, 1880, 1900, 1920, 1940, 1960, 1980, 2000, 2020, 2040, 2060, 2080, 2100, 2120, 2140, 2160, 2180, 2200, 2220, 2240, 2260, 2280, 2300, 2320, 2340, 2360, 2380, 2400, 2420, 2440, 2460, 2480, 2500, 2520, 2540, 2560, 2580, 2600, 2620, 2640, 2660, 2680, 2700, 2720, 2740, 2760, 2780, 2800, 2820, 2840, 2860, 2880, 2900, 2920, 2940, 2960, 2980, 3000, 3020, 3040, 3060, 3080, 3100, 3120, 3140, 3160, 3180, 3200, 3220, 3240, 3260, 3280, 3300, 3320, 3340, 3360, 3380, 3400, 3420, 3440, 3460, 3480, 3500, 3520, 3540, 3560, 3580, 3600, 3620, 3640, 3660, 3680, 3700, 3720, 3740, 3760, 3780, 3800, 3820, 3840, 3860, 3880, 3900, 3920, 3940, 3960, 3980, 4000],