{"seed": 1, "beta_i": 0.07470424156503133, "beta_f": 0.05509875962202429, "t_iso": 180.0, "t_collapse": 1880.0, "rho_min": 5.664368634346971, "t_min": 340.0, "ca_final": 0.945700534299089, "t_col_k": {"K1.3": 1800.0, "K1.5": 1880.0, "K2.0": 2360.0, "K3.0": NaN}, "beta_series": [-0.15909228523944707, -0.05694656152314037, -0.04779900075962738, 0.07535026639281037, 0.1381965112908734, -0.06498188289397248, -0.08974738319032738, 0.06295681806860362, -0.03041810195050844, -0.01620629390398072, 0.0747183130479115, -0.09202432961455052, -0.015162611922329053, -0.008900550438955712, -0.08810326612447793, -0.33295571332295104, -0.1624364320930274, 0.02214092927316183, -0.039477482768910124, 0.08063416958549786, -0.08154997206621686, 0.04737134344451609, -0.05057589059175158, -0.15494222497667182, 0.043123935451186465, -0.0320714825265153, -0.05439869545608893, -0.01266177490502142, 0.02565360848921884, 0.0004104848198124428, -0.011405899288573093, 0.034104820523826365, 0.06087115487041736, -0.01016711941243828, -0.07106213127317533, 0.08624115009480766, -0.0133616665635308, -0.12518371236739656, 0.06781576836316003, -0.35938809760552437, -0.1470092813535479, -0.08785171101961617, -0.02849605194096208, -0.11005109290596457, -0.00416853660934971, 0.06535524387625222, -0.044542152391790754, -0.06529892943389723, -0.11586288771599622, -0.09303908859274178, -0.18702067132744096, -0.0266123083557821, -0.05844067420504413, -0.07946436508313681, 0.061157576557144766, -0.01601090844371615, 0.018084697078690565, -0.09480161411799819, -0.07075969364127138, 0.019277295074466724, -0.06363415592215071, 0.01120521730543847, -0.0451288067577436, -0.11172787045736789, 0.053016083531217895, -0.018374489279696565, -0.029100728770416376, -0.045730671879360876, -0.058378136993437274, -0.03287859052710329, -0.05432493115003195, -0.04967076611717734, 0.03046924123913973, 0.0658472133826431, -0.08123434938074046, -0.04442677252447309, -0.1565140404146327, -0.02655577818696518, -0.01988701964377962, -0.2266971581872995, 0.0012257816048786285, -0.2290313354673818, -0.24863515570838346, -0.0354357725773982, -0.046959457813619945, -0.19288186187542744, -0.07891351537908589, -0.07446889200567683, -0.1384949972417135, 0.06374358446054339, -0.05280110267100749, -0.04281179148003404, 0.02461742762407927, -0.007145646536303299, -0.04072490555337434, -0.046370525450939226, 0.034156351526115514, -0.12013871730419948, 0.05015841763172227, 0.09603943899517922, 0.02117478326596725, -0.10212129462716144, -0.11018540969543267, -0.06337499969346581, -0.001883635577738671, -0.0253547531325566, -0.046494422442099795, 0.06500146928848327, 0.012244075986372172, -0.12608157416877397, -0.021036506239082223, -0.08663995319682395, -0.0065122351299155695, -0.057037650327064246, 0.08823750479154419, -0.07885694334290257, -0.011987109284288228, 0.05723186091734929, -0.06654517597537252, -0.10768611256466602, -0.09359416176003667, 0.00835649557658373, -0.019028301860290864, -0.06953564118494707, -0.05461765227785455, 0.025037200968933623, 0.0035482826783925225, -0.09700904811310038, 0.022414276860468943, -0.07127040066427806, 0.04586956824380836, 0.05602538650830302, -0.06897193447876845, 0.054062783123051905, 0.03369517118962122, 0.015246800671533736, -0.015773388707853886, -0.010531997855902253, -0.03464413991230325, -0.046673010727279085, -0.03801950317519889, 0.02554953305832494, -0.025543531230816388, -0.03724153217402461, -0.028958335030503365, -0.004380095774475401, 0.03432440647349562, 0.04675009835637624, -0.005501229414093173, 0.00884876823615241, 0.003262037492396508, -0.012002939517792216, 0.07156540526006651, 0.030644268744398684, -0.07716998838818494, -0.12033913416575269, -0.02596214689519777, -0.002200490722388135, -0.010750077186383641, 0.022673492142563353, 0.03055793030160557, 0.01638938861320273, -0.07666591183389554, -0.035566295913985774, 0.01499351954794255, -0.07375548832341511, -0.0792087244208507, -0.12508449833846025, -0.10370444759575582, -0.05864254712526852, 0.039926327125612976, -0.1481467371379823, -0.034141282336796266, -0.011180527598903742, -0.004684711319523166, -0.10250080191718837, -0.0362238857239794, -0.06526925108188142, 0.04371724937408196, -0.03790756772886161, -0.010433103350157374, -0.08522250520448771, -0.06345013181695773, 0.03449532771690415, -0.017074335745104932, -0.10431216672692875, -0.04077594148661105, -0.06249025871673444, -0.06207541614613389, -0.16238300833284497, -0.15770970892633163, -0.03187675714319839, -0.038846656044453184, -0.01105194604514241, -0.07077977376312916, -0.10930778788866094, -0.03572921116281538, -0.058181750316407765, 0.06325540410367647, 0.05509875962202429], "t_series": [20, 40, 60, 80, 100, 120, 140, 160, 180, 200, 220, 240, 260, 280, 300, 320, 340, 360, 380, 400, 420, 440, 460, 480, 500, 520, 540, 560, 580, 600, 620, 640, 660, 680, 700, 720, 740, 760, 780, 800, 820, 840, 860, 880, 900, 920, 940, 960, 980, 1000, 1020, 1040, 1060, 1080, 1100, 1120, 1140, 1160, 1180, 1200, 1220, 1240, 1260, 1280, 1300, 1320, 1340, 1360, 1380, 1400, 1420, 1440, 1460, 1480, 1500, 1520, 1540, 1560, 1580, 1600, 1620, 1640, 1660, 1680, 1700, 1720, 1740, 1760, 1780, 1800, 1820, 1840, 1860, 1880, 1900, 1920, 1940, 1960, 1980, 2000, 2020, 2040, 2060, 2080, 2100, 2120, 2140, 2160, 2180, 2200, 2220, 2240, 2260, 2280, 2300, 2320, 2340, 2360, 2380, 2400, 2420, 2440, 2460, 2480, 2500, 2520, 2540, 2560, 2580, 2600, 2620, 2640, 2660, 2680, 2700, 2720, 2740, 2760, 2780, 2800, 2820, 2840, 2860, 2880, 2900, 2920, 2940, 2960, 2980, 3000, 3020, 3040, 3060, 3080, 3100, 3120, 3140, 3160, 3180, 3200, 3220, 3240, 3260, 3280, 3300, 3320, 3340, 3360, 3380, 3400, 3420, 3440, 3460, 3480, 3500, 3520, 3540, 3560, 3580, 3600, 3620, 3640, 3660, 3680, 3700, 3720, 3740, 3760, 3780, 3800, 3820, 3840, 3860, 3880, 3900, 3920, 3940, 3960, 3980, 4000],