{"seed": 1, "beta_i": 0.07433080027179607, "beta_f": -0.007604342034641762, "t_iso": 80.0, "t_collapse": 1840.0, "rho_min": 6.26304174204218, "t_min": 280.0, "ca_final": 0.8857821092407064, "t_col_k": {"K1.3": 1540.0, "K1.5": 1840.0, "K2.0": 2940.0, "K3.0": NaN}, "beta_series": [-0.13440830782218038, -0.14409983431590717, 0.14839943393901797, -0.006808992311304385, -0.07077605535326609, 0.07272516167542924, -0.12852726384312282, -0.15722280000759792, -0.1291255920438179, -0.05433934463850293, -0.2630304791390834, 0.0807435186014533, -0.11735745486501387, -0.02808604344948616, -0.04653066631068084, 0.032714513270597795, -0.023513819796906046, 0.037613942687012375, -0.08685857768967162, -0.07221337265102257, -0.05382344785772307, -0.05875281068781099, -0.15985165714299168, -0.02469528209698571, -0.06611749683789887, -0.13530469900932837, -0.025939600747879182, -0.08110334763404832, -0.05411683421323221, 0.08091616305098283, -0.1049837188238724, -0.056106363192318126, 0.12107526117862621, -0.11476909965527975, 0.043323238200477704, -0.2340361668636434, 0.05631659158906642, -0.008895804678015234, 0.0008763896583054431, -0.1569158620940397, -0.037190801130228324, 0.03202637745484106, -0.11002310805164654, -0.08602223364819875, -0.0012661340821343708, 0.029625115743858274, 0.02425508408073908, 0.09353578829701227, -0.17761513621728964, -0.04750872465559483, -0.14684502412640044, -0.008504232796216454, 0.04502402502648696, -0.10494655763576888, -0.043015495963002706, -0.057400993511281986, 0.03311406596832886, -0.12188950666357681, -0.03153863081037363, -0.06342158739073984, -0.010995117850376379, -0.09929404513377842, -0.08255146184745271, 0.041505910960491055, -0.08012379255354497, 0.070934302394513, -0.17447594081196033, -0.02265748396346068, -0.060096686626622556, -0.05006925669046121, -0.22470354134901857, -0.0518257861075615, -0.052874121139044494, -0.11293088995726329, -0.08552524624971289, -0.006114924116068246, -0.13765667949249408, 0.046853027401376354, 0.018274928712380012, 0.002459880239055731, -0.1320443960856818, -0.02154256475229578, 0.01278188341689547, -0.019395170897865605, -0.0737882045243669, -0.1128265567258961, -0.15197542552693616, -0.09458997436994175, 0.031014509515842698, 0.001211885731428955, -0.17276600057460278, 0.02098037168519877, 0.007701478830326847, 0.10124887580387794, 0.030967649881280604, -0.048374705600351064, -0.023141495867035927, -0.01063846377757173, -0.0726758085563219, -0.1336155091210769, 0.017080896523559846, 0.004223068309403666, -0.07922249620561608, -0.09627295225724822, 0.02048705528636416, 0.013915123265329538, -0.12771537325063553, -0.01600319198828, -0.03769613628720518, -0.09051548620423708, -0.008972614055879527, -0.10288229333776203, -0.046982200631125126, 0.06972587299327505, -0.0007434662355952082, -0.035492432871357504, 0.003842255773103237, -0.16380694473223212, -0.048989968145772986, -0.06853540999405375, -0.11571550675169796, 0.030685775404721616, -0.017988808737786938, 0.0475929350050429, 0.053600313852773265, -0.09224177328226305, -0.07608067350858565, 0.044197324822654385, -0.04773299646044535, -0.020870758274683807, -0.03126985379995724, -0.09944585012307475, 0.028007892110117297, -0.06852296282114445, -0.13565620715251617, -0.008863031320119716, 0.0693170637017449, -0.04113565563268107, -0.09475305705926679, -0.01401528816785888, 0.0027076376834052895, -0.052104500159325204, -0.020619337988921863, -0.11572071485399871, 0.010352450726017148, 0.021626510097461138, 0.043912319088269855, -0.0007369004920810551, -0.004059944176678917, -0.10642069002499692, -0.16396605271004186, 0.027552230270578515, 0.02585066200838114, 0.003452963500057471, -0.053059593887332, 0.01746307635955678, -0.013616457190144773, -0.03970051411201472, -0.0016781174893260864, -0.03855216958354636, -0.057314653087591275, -0.01876597564929823, -0.16885008760140924, -0.03645476163007021, 0.025958999770248598, -0.0038828806593830117, -0.008566282370256417, -0.011750744365450302, 0.05004046367768998, -0.034069915987022345, 0.07583859896791227, -0.008638796709461188, -0.06898022016519277, -0.05102335098946065, -0.04299783255077036, -0.046090496848019843, 0.042030333439110015, 0.005563452378468892, -0.12130487144360994, -0.06539269162292484, -0.021535396385864283, -0.002618172052051407, -0.036420975183927826, -0.030800146816347462, -0.01957138076519928, 0.10996885439327306, 0.09421502757873394, -0.10260422038398004, -0.01495103595995724, 0.0260557838209603, -0.08831528405653828, -0.1136207564176875, -0.09746046398729656, -0.08763525403790506, -0.02747850597084346, -0.15473371446653417, 0.012094200777784336, 0.08497697564512706, -0.15965009683649817, -0.007604342034641762], "t_series": [20, 40, 60, 80, 100, 120, 140, 160, 180, 200, 220, 240, 260, 280, 300, 320, 340, 360, 380, 400, 420, 440, 460, 480, 500, 520, 540, 560, 580, 600, 620, 640, 660, 680, 700, 720, 740, 760, 780, 800, 820, 840, 860, 880, 900, 920, 940, 960, 980, 1000, 1020, 1040, 1060, 1080, 1100, 1120, 1140, 1160, 1180, 1200, 1220, 1240, 1260, 1280, 1300, 1320, 1340, 1360, 1380, 1400, 1420, 1440, 1460, 1480, 1500, 1520, 1540, 1560, 1580, 1600, 1620, 1640, 1660, 1680, 1700, 1720, 1740, 1760, 1780, 1800, 1820, 1840, 1860, 1880, 1900, 1920, 1940, 1960, 1980, 2000, 2020, 2040, 2060, 2080, 2100, 2120, 2140, 2160, 2180, 2200, 2220, 2240, 2260, 2280, 2300, 2320, 2340, 2360, 2380, 2400, 2420, 2440, 2460, 2480, 2500, 2520, 2540, 2560, 2580, 2600, 2620, 2640, 2660, 2680, 2700, 2720, 2740, 2760, 2780, 2800, 2820, 2840, 2860, 2880, 2900, 2920, 2940, 2960, 2980, 3000, 3020, 3040, 3060, 3080, 3100, 3120, 3140, 3160, 3180, 3200, 3220, 3240, 3260, 3280, 3300, 3320, 3340, 3360, 3380, 3400, 3420, 3440, 3460, 3480, 3500, 3520, 3540, 3560, 3580, 3600, 3620, 3640, 3660, 3680, 3700, 3720, 3740, 3760, 3780, 3800, 3820, 3840, 3860, 3880, 3900, 3920, 3940, 3960, 3980, 4000],