{"seed": 2, "beta_i": -0.19702325292498662, "beta_f": 0.07207199227387304, "t_iso": 20.0, "t_collapse": 1620.0, "rho_min": 3.9604528662913783, "t_min": 300.0, "ca_final": 0.9151185693431243, "t_col_k": {"K1.3": 1540.0, "K1.5": 1620.0, "K2.0": 2280.0, "K3.0": NaN}, "beta_series": [0.08829884285748922, -0.020750382948640067, -0.09696909479182779, 0.031591519801587045, 0.04776613312927265, 0.07803339146127299, 0.07035137362869345, -0.03940207588767752, -0.027391460669868695, -0.10759397893951557, -0.011512465681743564, -0.021833528459349355, -0.3389339653453487, -0.19948617438245536, -0.27054278264045056, -0.13187206065471366, -0.04885347788603177, 0.020776472116431285, -0.03766741502075549, -0.01831334576079907, -0.16677943647849083, 0.086251161331974, 0.015129176223172253, -0.1513030677583509, -0.01783666016670178, 0.012188646029534872, -0.1419309589260907, 0.012069579534859154, -0.06375979436736491, -0.19306122111152074, 0.04535184300822313, -0.03714317719706116, -0.18101563554752936, 0.13920594616265097, -0.1659581428187597, 0.013945035283653734, -0.06274096433318962, 0.0027155213682324014, -0.02055828802959067, -0.26317626117562964, -0.09205135594996926, -0.15283250209421217, -0.0498539301746775, -0.13329053745490715, -0.05665913641297016, 0.015581042237831785, -0.13328640355987287, -0.3547780122525571, -0.04112294932892789, 0.015245010745322626, -0.0399755567982034, -0.12869471267722338, -0.01673594885522843, 0.04668504369755418, -0.10299637489468126, -0.1489124424200731, 0.01859817123873314, -0.05306497290568411, 0.0631023696230755, 0.01026185508200328, -0.1145341759221587, 0.06707817135836805, -0.028781407738726103, -0.07776962138011424, -0.07501481296852985, -0.11412742959991554, -0.06231811946452183, -0.06487151126620065, -0.0010865772428396564, -0.0360579673037657, 0.0390971265903558, -0.051223404212979884, 0.016217874145306538, -0.0026301643482633807, -0.15101130614909997, -0.04753289828670239, -0.016607680354383703, -0.15948639218515695, 0.10292961395472182, -0.07123944444990857, -0.03560381032616923, -0.06113257918559874, -0.1374860165050455, -0.034782577133482775, -0.0796022033648949, 0.1079814974972736, 0.0333063049485328, -0.0838213171848401, 0.0048040939022722245, 0.012543849791519374, -0.01625732051118875, -0.04164287885774594, -0.02416988416990065, 0.01133222869930374, 0.01804701280559315, -0.08536729965802523, -0.006903057474733576, -0.11639666478574025, 0.02158050054900333, -0.05541615296117125, 0.011043739766797248, -0.0902419782863952, -0.08961217166760015, 0.023208973536709906, 0.007438980478236337, -0.07523459960206691, 0.004731747752073787, -0.024414805431488745, 0.0374337286797804, -0.010078520821062698, -0.0009908259645245582, -0.0031032742375990546, 0.0138283620871517, -0.01930066140605194, -0.04113289878075414, -0.004998041935077691, 0.06384902377857972, 0.05962563234434233, 0.009636519460753654, -0.006289879504442222, -0.014258239606868867, 0.04335222817901334, -0.01565666500281976, -0.002632738663593648, 0.06485011527657258, -0.040919589080500585, -0.049926200810538626, -0.10030954976846994, -0.10012203808478777, -0.03288074047022864, -0.016253165080924392, 0.07264307965049809, -0.14938657068801003, 0.022068647813170916, 0.10464147649220931, 0.05068585845860678, -0.028117763554546787, -0.07227848832403005, -0.09919869705497374, -0.025366651474755655, -0.02583346424801161, 0.007849242119726513, -0.040226093377605104, -0.09731464254864755, -0.015144244260933165, 0.0017828784085289762, -0.04755056619688652, 0.017187762254636488, 0.11303501832172229, 0.02041168130238434, 0.011732236553190778, -0.11319974376416837, 0.03812622147025195, -0.05633459530289173, -0.05316598857497473, 0.015931068892022393, 0.011610028636897238, -0.03171419203223963, -0.09159297336573181, -0.06076645384035882, -0.02559644940395296, 0.0066193387723837704, 0.014566609739112016, -0.14585788994386595, 0.05414321216945289, -0.0545973729670796, -0.11145124664420061, 0.023956196689711967, -0.06457326402150639, 0.028211996009047044, -0.044715287132457246, -0.03300338839695981, -0.016198950038561866, 0.040359928210067356, 0.006050061975087409, -0.08971045293458356, -0.0455739930161828, -0.031893291733342224, -0.041247394914924115, 0.005203712634208685, 0.01367008893920904, -0.18550416720364557, -0.0662862241281094, 0.08197107052506539, 0.0405205715499065, 0.0551228236674073, 0.10490338040209662, -0.04261536064867562, -0.07883343915806905, -0.014776940089681043, -0.08992981064848386, -0.0629181664440462, -0.16917543948401093, -0.13285888309638388, -0.011420763813021081, -0.18643676045551003, -0.1015600992252707, -0.10016522150741751, -0.026907787101427855, 0.07207199227387304], "t_series": [20, 40, 60, 80, 100, 120, 140, 160, 180, 200, 220, 240, 260, 280, 300, 320, 340, 360, 380, 400, 420, 440, 460, 480, 500, 520, 540, 560, 580, 600, 620, 640, 660, 680, 700, 720, 740, 760, 780, 800, 820, 840, 860, 880, 900, 920, 940, 960, 980, 1000, 1020, 1040, 1060, 1080, 1100, 1120, 1140, 1160, 1180, 1200, 1220, 1240, 1260, 1280, 1300, 1320, 1340, 1360, 1380, 1400, 1420, 1440, 1460, 1480, 1500, 1520, 1540, 1560, 1580, 1600, 1620, 1640, 1660, 1680, 1700, 1720, 1740, 1760, 1780, 1800, 1820, 1840, 1860, 1880, 1900, 1920, 1940, 1960, 1980, 2000, 2020, 2040, 2060, 2080, 2100, 2120, 2140, 2160, 2180, 2200, 2220, 2240, 2260, 2280, 2300, 2320, 2340, 2360, 2380, 2400, 2420, 2440, 2460, 2480, 2500, 2520, 2540, 2560, 2580, 2600, 2620, 2640, 2660, 2680, 2700, 2720, 2740, 2760, 2780, 2800, 2820, 2840, 2860, 2880, 2900, 2920, 2940, 2960, 2980, 3000, 3020, 3040, 3060, 3080, 3100, 3120, 3140, 3160, 3180, 3200, 3220, 3240, 3260, 3280, 3300, 3320, 3340, 3360, 3380, 3400, 3420, 3440, 3460, 3480, 3500, 3520, 3540, 3560, 3580, 3600, 3620, 3640, 3660, 3680, 3700, 3720, 3740, 3760, 3780, 3800, 3820, 3840, 3860, 3880, 3900, 3920, 3940, 3960, 3980, 4000],