{"seed": 3, "beta_i": -0.03231014264632834, "beta_f": -0.012961800455076056, "t_iso": NaN, "t_collapse": 1920.0, "rho_min": 6.078834631982115, "t_min": 3620.0, "ca_final": 0.890637115308632, "t_col_k": {"K1.3": 1740.0, "K1.5": 1920.0, "K2.0": NaN, "K3.0": NaN}, "beta_series": [0.02094770813367136, -0.06799275701749484, 0.03354397184287321, -0.06295049493838739, 0.036126322642948835, 0.003915450556476255, 0.060936182050297785, -0.07658727944511255, -0.07913763007648812, -0.25209682127385774, -0.004275239388230823, -0.02878789434713261, 0.0346325105018237, 0.006497512154472834, 0.013428811221907047, -0.08183853904573929, -0.025434368820344846, 0.05937604996645747, -0.07600577539913826, -0.1708595724347296, -0.10202798816042913, 0.005241584342860928, -0.04760002521098189, -0.09601707940714141, -0.01508173431494933, -0.14299420488990888, -0.052395014112083, 0.08755217860838826, -0.18544432153249846, -0.004594875138209387, -0.03818289597343055, -0.08364929538068365, -0.012211600083500654, -0.09102136951714627, 0.0804536242661802, -0.07913721513578219, 0.027553079491258015, 0.0813758674117131, -0.057635376879894104, -0.08125367741485097, -0.028369386116957926, -0.13561127698381625, -0.03005109543003727, -0.16259368219124087, 0.08029663494414328, 0.031997662816065725, -0.05271811185957777, -0.21647808908677607, -0.03253986900856974, -0.1280783089514226, -0.017440429376924443, -0.0757556884487099, -0.0906754925270614, 0.051852479252798664, -0.04542109274463291, 0.0923362250447546, -0.09433210105193113, 0.0006778355294113358, -0.01895188835652796, -0.07617491202839552, -0.013318058541246541, -0.060851274587130855, -0.22716221926878832, 0.09932285756076374, -0.0046078383460790295, 0.061724740359468455, 0.028615192655563712, -0.04026002997131374, -0.1283866993008763, -0.009981300580284777, -0.02726333434731376, 0.0435827774576638, -0.05230877657736652, -0.022151107702219328, -0.04220652660400889, 0.024528449205520234, -0.057017107674508016, -0.025798917772582045, -0.10597023088146582, -0.1464840202778957, 0.07832026887197979, 0.008756820729738601, -0.11551311215337165, -0.051236324835391756, 0.014510474317290259, -0.038589479565604046, -0.005474778857888024, 0.003984987425443912, -0.1542890704239006, -0.07329905743673074, 0.038729037115343576, -0.04305811473829557, -0.16716189931032083, 0.008853052308230441, 0.007706556621472238, -0.006242573064171683, 0.045153930761657385, -0.015356287119220713, 0.02621815052865857, 0.018467231365577486, -0.055853080004845124, -0.01950238768208043, -0.003961046873476232, -0.01171481507732007, -0.05769942296513152, -0.03973144199230051, 0.017030269978225432, 0.00880663319689487, -0.11609328379847558, -0.06652513266021527, 0.03079402044551806, -0.02379440071926084, -0.08022300428035492, -0.026020461378694806, 0.023862745231275073, -0.0048204972952506225, -0.07619502465920706, 0.03133881222056038, 0.03358803415887973, 0.007088515273021581, -0.0699677318535904, -0.034207361706874884, 0.038018466241376614, -0.0491402565695168, 0.008488759559223027, -0.04332913346603752, -0.004310848689984312, -0.03980758972471371, -0.04219420146021148, 0.02140707904308077, -0.08399287129963959, -0.0631948092323564, 0.011993317460261721, -0.06288341395028536, -0.14036176173849096, -0.04389141915421613, -0.02917592049260738, -0.10616654653506767, -0.061993868744521244, 0.023867889578356144, -0.05217026360116049, 0.0466644987047858, 0.07802469842867862, -0.10989094769281457, 0.03894187359645229, 0.02911633942512791, -0.0488349139983562, -0.04003240872063389, -0.03839740767990382, -0.023457581865192645, -0.025905697596902658, 0.055115019101440954, -0.10220897002725957, -0.014165720151224512, -0.10687310910478079, 0.05515375426027723, -0.0546133713284592, -0.2758641896400243, -0.19959195710887312, 0.021728372412043076, -0.08804071205469903, -0.007493356678483776, -0.1409071731524479, -0.052279897018053384, -0.05271706118418078, -0.09232501903951461, -0.12249637507677086, 0.054399732395112546, -0.013089124706481742, 0.05223111087542652, -0.012446839875982774, -0.13096374278696976, -0.1331165516471673, -0.01310567048177716, -0.05402125155094652, -0.010243363551158888, -0.1147973133832809, -0.08463069630686028, -0.033194005159530623, 0.021298849342784018, -0.06570321729438522, -0.12524322363874568, -0.08661475286345442, -0.07006158611733014, 0.06154339979019097, -0.0635658706552015, 0.0804074450844697, -0.08829895817032492, 0.003152072445939416, -0.060591842789214354, -0.17527628647068755, -0.27954592032329173, -0.06229274339468313, -0.062108980509419875, -0.147357481233728, -0.060905066744665115, 0.00022457639888408265, 0.011644669007266698, -0.024671016267912252, -0.012961800455076056], "t_series": [20, 40, 60, 80, 100, 120, 140, 160, 180, 200, 220, 240, 260, 280, 300, 320, 340, 360, 380, 400, 420, 440, 460, 480, 500, 520, 540, 560, 580, 600, 620, 640, 660, 680, 700, 720, 740, 760, 780, 800, 820, 840, 860, 880, 900, 920, 940, 960, 980, 1000, 1020, 1040, 1060, 1080, 1100, 1120, 1140, 1160, 1180, 1200, 1220, 1240, 1260, 1280, 1300, 1320, 1340, 1360, 1380, 1400, 1420, 1440, 1460, 1480, 1500, 1520, 1540, 1560, 1580, 1600, 1620, 1640, 1660, 1680, 1700, 1720, 1740, 1760, 1780, 1800, 1820, 1840, 1860, 1880, 1900, 1920, 1940, 1960, 1980, 2000, 2020, 2040, 2060, 2080, 2100, 2120, 2140, 2160, 2180, 2200, 2220, 2240, 2260, 2280, 2300, 2320, 2340, 2360, 2380, 2400, 2420, 2440, 2460, 2480, 2500, 2520, 2540, 2560, 2580, 2600, 2620, 2640, 2660, 2680, 2700, 2720, 2740, 2760, 2780, 2800, 2820, 2840, 2860, 2880, 2900, 2920, 2940, 2960, 2980, 3000, 3020, 3040, 3060, 3080, 3100, 3120, 3140, 3160, 3180, 3200, 3220, 3240, 3260, 3280, 3300, 3320, 3340, 3360, 3380, 3400, 3420, 3440, 3460, 3480, 3500, 3520, 3540, 3560, 3580, 3600, 3620, 3640, 3660, 3680, 3700, 3720, 3740, 3760, 3780, 3800, 3820, 3840, 3860, 3880, 3900, 3920, 3940, 3960, 3980, 4000],