{"seed": 4, "beta_i": -0.07833731009772506, "beta_f": -0.13851692827601547, "t_iso": 60.0, "t_collapse": 2160.0, "rho_min": 4.927540194106714, "t_min": 180.0, "ca_final": 0.9318228142176457, "t_col_k": {"K1.3": 1540.0, "K1.5": 2160.0, "K2.0": 3200.0, "K3.0": NaN}, "beta_series": [-0.10917298891919319, -0.07829077014552457, 0.006777325026832162, -0.053991459815550535, -0.008757206136280157, 0.03171682826222243, -0.02926333637489696, -0.17536085243430727, -0.17110943591629518, -0.1936879044406774, -0.08220345827288325, -0.18228737052993726, -0.026970552349084242, -0.16806312465748963, 0.01243240220361376, -0.04832798169824458, -0.06556030206249942, 0.029453947702887992, -0.10884276832365458, -0.0524829863534684, -0.05279013702097245, 0.0584461937066071, -0.06486751288434162, -0.07568965264954992, -0.01753200655417038, -0.0991539519745031, -0.09631700332804143, -0.06997486090063794, -0.07669768275893309, -0.09638260995784845, 0.028215179597313872, 0.030133759654087322, -0.12165044855785903, 0.10709684452841892, -0.056684511501182394, -0.02625857855817662, 0.009626687079055674, -0.014668828588826524, -0.08426680389648887, -0.06069511872445972, -0.04965849770828627, 0.020648942592760205, -0.03151072349532366, 0.0009127103348187393, 0.02981890855850923, -0.03102427147168324, -0.07963366089493455, -0.08057791766028342, -0.0827677405890985, -0.042546802942489595, 0.06958635779636427, -0.0864326852084534, -0.13758287123284174, -0.0983378402984367, -0.11252043564259287, -0.12505283571155218, -0.0675424303037691, -0.12601051902910015, 0.00041220320924457987, 0.04386751276190605, -0.026952960395113898, 0.017380431130893464, -0.03283059834512886, 0.018926691683357144, -0.2166361626538154, -0.16742716720662046, -0.10073078144172645, -0.06146960067979887, -0.2902550883629011, -0.05147838793495979, -0.07428198374505492, -0.016191760922732987, -0.03923257504336372, 0.04509909749300889, -0.08010337281037647, -0.09266765086810404, -0.049525668774772866, 0.0006615883507333775, -0.04651944921021764, -0.05292129844972962, -0.027367226137460315, -0.06889135212523281, -0.02322679828994849, 0.0271625458930147, -0.010981185070141786, 0.02535891067026594, -0.10918698863273446, -0.05304068644768835, -0.02898954964355531, -0.050270657789177, -0.03655647239707016, -0.13706266193167327, -0.05376356142074433, -0.09994568725222595, -0.07191821030926354, -0.09305749382245372, 0.017839743183421145, 0.013638657539655388, 0.056375699641220814, -0.026227382702003366, -0.009461444435000535, -0.038132662762811104, -0.0048843819783605524, -0.09417250015316866, 0.055756645147446354, -0.03378005859776362, -0.01666783074336667, -0.03877790636293875, 0.06252667749456745, -0.04402784752568106, -0.02232507034156561, -0.067531556835246, -0.09066301606138828, 0.015039521782341317, -0.0792225250389335, 0.02402165862291951, -0.10150232007470421, -0.01952755640294812, -0.02211538622083002, -0.04170130270700767, 0.008632272312690134, 0.03532805040321722, -0.056764138569931635, -0.05274533980369506, -0.05126180262370496, -0.04510784191696324, 0.05160888107619363, 0.07801725409151657, 0.033161730318351776, 0.08256246159364686, 0.010606355891463165, -0.003509283958023607, -0.005381920047701813, -0.0012677146204356643, -0.0565533239458986, -0.00010008920637005758, -0.013967089286649137, -0.010760985442890364, -0.12343468134542568, 0.01565595200450995, -0.009647333702917524, -0.1364642248059515, -0.13844406454233144, -0.01044834930969081, -0.11809128659109454, -0.018877754374562586, -0.021474974714440154, -0.028173114722639267, 0.0738802866734142, 0.04127935760197471, 0.02972550182498654, -0.13326772899322586, -0.08586509740116996, -0.013698342945210065, -0.11174300312687002, 0.002010877263755567, -0.04145199462544345, -0.06916667270046525, -0.0006462016656235275, -0.011916554592373368, -0.04663358591125738, -0.09413985040353359, -0.04191444540471623, 0.01773281308094564, -0.009877865945700934, -0.09183438768660099, -0.07226284385228224, -0.002496553168229526, -0.12929180702258491, 0.006960892664057028, -0.008388055508373973, -0.06555464293765557, -0.01661942762633932, 0.0049161485967763735, 0.001425995471450503, -0.0075260829367163745, -0.03304448558672056, 0.02772375406110411, 0.08628316880887503, 0.0833150488768636, -0.10726804449500192, 0.012299057394102766, 0.06152151105317019, 0.06738640329948335, -0.08182985760643359, -0.07423170172945333, -0.005224429339537262, -0.0465286387988091, -0.1527479003597198, -0.15787859219706984, -0.10222410927513625, -0.005113107644668727, -0.013264258261434944, -0.015095389456855415, -0.030294233878025115, -0.06917066488244263, -0.07162593025207713, 0.011804697286647986, -0.07029133037789043, -0.13851692827601547], "t_series": [20, 40, 60, 80, 100, 120, 140, 160, 180, 200, 220, 240, 260, 280, 300, 320, 340, 360, 380, 400, 420, 440, 460, 480, 500, 520, 540, 560, 580, 600, 620, 640, 660, 680, 700, 720, 740, 760, 780, 800, 820, 840, 860, 880, 900, 920, 940, 960, 980, 1000, 1020, 1040, 1060, 1080, 1100, 1120, 1140, 1160, 1180, 1200, 1220, 1240, 1260, 1280, 1300, 1320, 1340, 1360, 1380, 1400, 1420, 1440, 1460, 1480, 1500, 1520, 1540, 1560, 1580, 1600, 1620, 1640, 1660, 1680, 1700, 1720, 1740, 1760, 1780, 1800, 1820, 1840, 1860, 1880, 1900, 1920, 1940, 1960, 1980, 2000, 2020, 2040, 2060, 2080, 2100, 2120, 2140, 2160, 2180, 2200, 2220, 2240, 2260, 2280, 2300, 2320, 2340, 2360, 2380, 2400, 2420, 2440, 2460, 2480, 2500, 2520, 2540, 2560, 2580, 2600, 2620, 2640, 2660, 2680, 2700, 2720, 2740, 2760, 2780, 2800, 2820, 2840, 2860, 2880, 2900, 2920, 2940, 2960, 2980, 3000, 3020, 3040, 3060, 3080, 3100, 3120, 3140, 3160, 3180, 3200, 3220, 3240, 3260, 3280, 3300, 3320, 3340, 3360, 3380, 3400, 3420, 3440, 3460, 3480, 3500, 3520, 3540, 3560, 3580, 3600, 3620, 3640, 3660, 3680, 3700, 3720, 3740, 3760, 3780, 3800, 3820, 3840, 3860, 3880, 3900, 3920, 3940, 3960, 3980, 4000],