{"seed": 2, "beta_i": 0.3080378239640112, "beta_f": -1.0465261351544528, "t_iso": 20.0, "t_collapse": 3900.0, "rho_min": 0.9670873278153366, "t_min": 5880.0, "ca_final": 0.927308058383968, "t_col_k": {"K1.3": 2780.0, "K1.5": 3900.0, "K2.0": NaN, "K3.0": NaN}, "beta_series": [-0.08148627365115388, 0.0311850158382376, -0.035185502234330604, -0.0311814280704118, -0.06463841636854513, 0.04834473541524832, 0.07540212835137071, -0.06979303493047456, -0.35196603714613306, -0.12274870833907053, 0.1722536555576213, -0.5281422626772276, -4.1836554866985445, -0.05881820299268403, 0.13981806970879124, -0.07619510322616535, 0.10506274322176166, -0.07514610698138866, -0.235970108973456, -0.0846762728843741, -0.2017094095388573, 0.08854917961794784, 0.05100280521726075, -0.18541476426377354, -0.01029275845774015, -0.01323851813312267, -0.11965344433662506, -0.2765753863398297, -0.03681562508098017, -0.0774550989002324, 0.05450322135323911, 0.10995916053054407, -0.049141287122343474, 0.0479259654482473, -0.09429552515049643, 0.025081506911153642, -0.22118836026824187, -0.013936704490356833, -0.14156872240325172, -0.08802299250145819, -0.2017006581049709, -0.09267067808301058, -0.05958523333317327, 0.08607018413471386, -0.22693098929524208, -0.22717595303394142, 0.015968068651716266, -0.19986657173400518, -0.11959174257099361, -0.033886895967755654, -0.005646291658329278, -0.05454193811120428, -0.21077908756163308, -0.10589673041277473, 0.03136102547417777, -0.040487397921157395, 0.07923782606042373, -0.18287590545288007, -0.03508658682529922, -0.09440536201881093, 0.046559248788581475, -0.028033793889510314, -0.12306670962675585, -0.031505289820951285, -0.07037520279553036, -0.09905015704310033, -0.04074915353885837, 0.08265476052387108, -0.010761221017137612, 0.05015910820582757, 0.02335618477343046, -0.09535824712992634, 0.13920710095791955, 0.02547727409505153, 0.0015671387104943119, -0.06858729589603418, -0.04029294447111141, 0.04881287126720574, -0.08639835470857776, -0.09593807988605779, 0.01271653713727633, -0.05424782824581445, -0.03678675109707842, -0.033709156760049624, 0.009598078464093454, -0.17643293217637057, 0.04114113607327438, 0.09351923140837587, 0.09671520160189252, -0.1968164954402773, -0.13179059251405978, -0.0035994697873235337, -0.1625767290608497, -0.11710510112532999, 0.0518268195869387, -0.02330934736952811, 0.06258268634266964, -0.10355917680188835, -0.08702530104095539, -0.033246886561276084, -0.07204719773979086, 0.07168872700326166, -0.18162362793732095, -0.16793638490749319, 0.02917905454817213, -0.04683330400646289, 0.07559087880094131, -0.05129967337435047, -0.04212898385643696, -0.06069774534046192, 0.05089360513360727, 0.03184152607667819, -0.0821925002211334, -0.051199446118912306, -0.11308949605768522, 0.013217989376356987, -0.055827564061016924, -0.09108438800475104, 0.007466343797054367, 0.06024769616200808, -0.08092074094575155, -0.08148502989126784, -0.05286524150158703, -0.015355728268684782, -0.05480276149452505, -0.16740426192000601, 0.02256973913915135, 0.09364368241919227, -0.07530533378599985, 0.014376123742905075, -0.19453006104413156, 0.034369967254100825, 0.03149565523884268, 0.0467421330687187, -0.06109826802902228, 0.029858154694875336, -0.07596840918529159, -0.050501665981800475, 0.022995336851643094, -0.03838634604144488, -0.07535255851504516, -0.26843290888346155, -0.0655638365958609, 0.029158723056563807, -0.08765740230734734, 0.11386546054703649, -0.08086465877998845, 0.013579742262072411, 0.008795160426973772, 0.03261341146871029, 0.0043211774158321, 0.03866823834173498, -0.12447602009947081, -0.016149615364647554, -0.02213394868139404, -0.0353677315563755, 0.08257731617790334, -0.026244055808429784, 0.0346501411932956, -0.18586040442447913, -0.05719470496862976, -0.01190955716232027, -0.05048333493312081, -0.03200920488068168, -0.1365239652404221, 0.10044595784672243, 0.01859310876647266, -0.05399024183632195, -0.09041949185330818, 0.024914348076868695, -0.02196975089677361, -0.012106928562803168, 0.006103355825961887, 0.08745209260890163, -0.09749629525493272, -0.02089641032584115, 0.05603828239076414, -0.016520437822731424, -0.0017454673041739643, 0.0013053935911357117, -0.0175575868385172, -0.17946812684293695, 0.0004972603671729442, -0.011934445057701415, -0.14855733313485597, 0.044146469998826085, 0.11812836393778128, -0.010850103988077286, -0.0097501831962261, -0.02457323431950316, -0.034070594056687206, -0.0434444855587586, -0.05876654528366783, 0.0025630892772579017, -0.1251989893396584, 0.006312410108688743, -0.05630007278905978, -0.08183354908152143, 0.06094079772191188, -0.22601302932101397, -0.09431166525891584, 0.02230301122399657, 0.008942379555892915, -0.10365869595409945, 0.035517221008301, -0.10324509185772184, -0.023389779433491645, -0.11378349447246318, -0.07043846900677685, -0.04820707451692527, -0.06381138403608883, -0.08913348088759873, 0.0026581101827861248, -0.1072723386687136, -0.38607771417934655, -0.047908173151889166, 0.051494597923943786, -0.12884338150451413, -0.05052492765603708, -0.09537937567332744, -0.026861789792324633, -0.0186268020884455, 0.04787726882220558, -0.1159758975871132, -0.16685282453146982, -0.10551669273497058, -0.02451187892533299, -0.017208424648223836, 0.00825324025598037, -0.11399054412278978, -0.09600212802276666, -0.11288205054882744, -0.14149706906424236, -0.36482282123145265, -0.030487310074615734, -3.440201045067171, -0.15780172316960966, -0.042271779682611685, 0.05792369505942695, 0.007704879862393765, -0.3477497666470811, 0.01587006859894538, -0.13659481296195297, -0.5251174248298625, -0.421388111557346, 0.044167889947213435, 0.060534081964318656, -0.5397641365128109, 0.0035927120785563815, -0.10521648713658853, -0.49796542977032465, -0.07186741736723587, 0.02161150029748743, -0.04233360233675351, 0.06417611648280777, -0.5007265335339275, -0.19713390313457374, -0.3742990089464765, -0.14012218457955328, 0.06632962681541481, -0.06538703450425745, 0.04546678020031719, 0.03845186382098044, -0.25910378984553234, -0.6374211623963001, -0.11034599903850469, 0.009886116645646273, -1.1078383859946952, -0.46550830212473543, -1.439242943499533, 0.04987037584060708, -0.5294547582390599, -0.1689046855025929, 0.09813508458158479, -0.23149276388139528, -0.3016137827059695, -0.024508371374758295, -0.7465194672935063, -4.1484853493924065, -0.18001748423529843, 0.01859313537099158, -0.08279240489726412, -0.8017174297162639, 0.046000565196666524, -0.11089724656732057, -0.708903643030605, -0.14970840932765528, -0.3019330390712425, 0.08131398391611719, -1.5699074530219082, -Infinity, -0.14369026107174382, -0.23572943657894085, -18.831587452108458, -0.0346722117481459, -0.4695229947970214, -0.03539597275182205, -0.1263013242869554, -1.199361711183485, -1.0465261351544528],