{"seed": 2, "beta_i": 0.3080378239640112, "beta_f": -0.9957913648561842, "t_iso": 60.0, "t_collapse": 2160.0, "rho_min": 0.4605177751501603, "t_min": 5840.0, "ca_final": 0.9016076750444492, "t_col_k": {"K1.3": 2100.0, "K1.5": 2160.0, "K2.0": NaN, "K3.0": NaN}, "beta_series": [0.17494573414336526, 0.17388514630969956, 0.09058911105647154, 0.027547241630718325, 0.1814566703573262, -0.7285160629240598, -0.09741741463530566, 0.030233710066824585, -0.023518886679075923, -0.22387272765656951, 0.015464641253312206, -0.029065950542662408, 0.01807738158779308, 0.03340991608778271, 0.0037964055087995885, 0.055056550695018386, 0.08147333228782343, -0.08148499406643307, 0.11358161100250358, 0.040038351439825565, -0.11189784912230383, -0.0860989926578263, -0.047446425285649116, -0.04896955871142543, -0.07677480224627188, -0.040984966128357364, -0.06270042115497518, -0.006032120894783902, -0.1285401942602143, -0.025833775987736132, 0.10464582217152803, -0.06183854815194306, -0.0060704694065690235, 0.009045703492092327, 0.025224287520944688, -0.03741579206911928, -0.09602635853576448, -0.07845536182001514, -0.02572720430621718, 0.09452407690289076, 0.04369363226702365, -0.1423267624036732, -0.1099140362158252, -0.3079683800505455, -0.028418671573454166, -0.13017663560252474, -0.11336622744412309, -0.018679350886476848, 0.07633792540723372, -0.06427905480735539, -0.06293111267171617, -0.043225446706842294, -0.09849462657947271, -0.03885626362167251, -0.0648650141958124, -0.06743350176650902, -0.019650240920039405, 0.06309298767402494, -0.18636897000148628, -0.08154764715336457, -0.0482941023122809, -0.011121681967787594, -0.12742599014349504, -0.2206531605011721, -0.028197846914733163, 0.00012488760317322378, -0.17704566315007644, -0.05577885477332513, 0.0601027792541754, 0.053062816242144484, -0.203956439800086, -0.04471581229467485, 0.010315245962072839, 0.038866692448145626, -0.005109396841416591, -0.01634971715877538, 0.018617617854679178, -0.013321766067317373, 0.04765705264318357, -0.13228067279533529, 0.09196987681770026, -0.01648046822599894, -0.05456225542868359, -0.04143283587479221, 0.04190557506322337, 0.026542033507377952, -0.19762297696193815, -0.004662824766581197, -0.13960194272607812, -0.09551160798430283, 0.043795652259528556, -0.025209626665394835, -0.005285051984052061, -0.06361639199093648, -0.0822323595686651, 0.00746368067044903, -0.05828889264241692, -0.07264391765530165, -0.10098038944255973, -0.037105180988917574, -0.10653826333286585, -0.051483899336544875, -0.22387943615450956, 0.028966753277523016, -0.12145877889742179, 0.11399527040135059, 0.016275106652318627, 0.009571387023640146, 0.07540245856763977, -0.09554657821775532, -0.04606276128088825, 0.05184159681052365, 0.034566024971205936, -0.06927284321303322, -0.1415303998045519, 0.04488509893112501, 0.07133786579301228, -0.0148717439819014, -0.047321008622083036, 0.050818933079098766, 0.005561400314258183, 0.13020431136876176, -0.08116989377450415, -0.021873257874348212, -0.014462198792674574, 0.05748192384938644, 0.05325474116390631, -0.15847722980750523, -0.06735537925829466, -0.0901679062407829, -0.02664371868822632, 0.08614730987417303, 0.049801369785090574, 0.01826932256254156, -0.005556532825370622, 0.0007865020183085991, -0.0419774033253955, -0.0761979898102944, -0.16414410892036593, -0.0014971438904980844, 0.02484871427492867, 0.041904719864526055, -0.00759661190787575, -0.11835208700952281, -0.06461159332867931, -0.0011759507614185621, -0.04636007479827678, 0.06196143675125931, -0.05536909542253385, -0.017074457759994208, -0.048932613129334404, -0.10330041683192834, -0.01317504947793055, -0.03575575379479573, 0.0655002373920171, 0.015327644070570565, -0.021618736430980695, -0.03562284324568596, -0.13768456355570108, 0.051865638005910916, 0.014195717178107012, 0.010359864233513955, -0.07149827813153399, 0.05051731426507812, -0.03819081329778026, -0.014331936050988953, -0.03369002824934855, -0.0973843866294695, -0.004852897752374949, 0.0339999467622244, -0.05580667126776542, -0.06452116644945409, -0.04950362798434012, -0.12697937236037987, 0.03793040405891768, -0.06913192523398665, 0.018146859413987387, -0.18999924412133604, 0.026589203482908857, 0.028141148423313195, -0.010675168811543831, -0.02459418192191566, 0.07500673550944496, -0.043127363451230125, 0.09747236373525646, -0.032669328151221005, -0.004828992694584283, -0.5482488829522616, 0.02387108080457774, -0.060496413345460645, -0.12481838654611964, -0.13184775138271332, 0.020844600104165292, -0.06998731705866776, -0.09177767677182572, -0.06034102530709255, 0.07483050506469245, -0.058213647132485016, 0.07066392404556798, -0.1401128694208884, 0.062092848851577565, -0.14515782915004966, -0.18367826962878425, -0.14980055084231633, -0.3236343617490699, -0.23445247020336418, -0.0280177111938487, 0.050364567211942574, -0.07749728554108158, -0.06135796312879793, -0.028959439101607767, -0.1731112003025686, 0.05567616547878049, 0.08680397250156235, -0.2499195960407384, -0.07719875854872009, -0.5909854630052063, 0.039831124569398677, 0.014480908982682728, -0.237390692825304, 0.07597341457732806, -0.12073851383662225, -0.11145496750616117, 0.08981973391538381, -0.09050341439244347, 0.05448564248844563, 0.02010650376653439, 0.15363459071960156, -0.16428027286702657, -0.17636542082784193, -0.0018949925615068391, -0.18469259682632422, -0.18986024888544029, -0.04259577667836413, 0.02304177803498679, -0.1716145780680977, 0.023871529649496057, 0.00019302519447415845, -0.29083626950585084, 0.0226330479215031, -0.25019341072423573, -0.03164652768737247, 0.0552697789459579, -0.07897026463944165, -0.25136066715748334, -0.38070803181591395, 0.001977447552451675, -0.04584233771740431, -0.1748270254544117, 0.022215273194005472, 0.061054226851314744, -0.012305074256629592, -0.2131803107360522, -0.019644184095125444, -0.16990090691182913, -0.1692674867568234, 0.07163395788609425, -0.049664971629812524, -0.1607036352745861, 0.013552089379285093, -0.9140053589025787, 0.0367663799256894, 0.09335744451162192, -0.16937173433060804, -0.298857258337762, -0.08309199311420351, -0.08914165669350174, -0.26539539927732236, -0.08979724558924611, 0.013866663361489326, -0.3209211581401802, -0.06692416941415995, -1.6234786167821913, -0.19754191166379104, -0.23344146503994848, -0.8803573026153274, -0.11675396448411063, -0.3542753328032646, -0.6436610737869859, -Infinity, -0.1048562036602674, -Infinity, 0.07013516973065329, -Infinity, -0.033358436004625555, -0.17667688728237546, -0.4867464240555826, -1.4113816986409196, -4.38565385707042, -25.187204753154244, -0.5892292277152977, -0.729076541525144, -Infinity, NaN, -Infinity, -0.07416975893465966, -Infinity, -0.26232383162014117, -0.40957571293999345, -0.9957913648561842],