{"seed": 2, "beta_i": 0.3080378239640112, "beta_f": 0.05306575605144061, "t_iso": 20.0, "t_collapse": NaN, "rho_min": 1.1973462153904166, "t_min": 5960.0, "ca_final": 0.9179284029142242, "t_col_k": {"K1.3": NaN, "K1.5": NaN, "K2.0": NaN, "K3.0": NaN}, "beta_series": [-0.008633610141823234, 0.04995807323613925, 0.13144714205274088, -0.008363749090501651, 0.0007938840999915792, 0.017965284237928675, -0.3843351978059902, -0.049651837914641894, -0.15265934662887398, 0.08133053160211977, -0.23699131051388717, 0.017574317352656313, -0.057706142238603764, 0.05113358244020086, -0.24134242807797288, -0.7575448640205997, -0.6382666731954035, -0.3012774875705505, -0.5557194222865388, -0.08116570453424084, 0.026131977549620072, 0.009650870217362897, -0.057286091724961505, -0.040833080070969446, 0.022781122348161514, -0.11694606832794308, -0.1248092364631062, 0.06232246022018764, 0.148709814869583, -0.25031619708332176, -0.04051670058401216, 0.015393246445590147, -0.00682457563216117, -0.10833591283610103, -0.14854821673250307, -0.18966091933837748, -0.4277886663904652, -0.5055143918678946, -0.13896884397799686, -0.36432129654543255, -0.06250665513593215, -0.0801469667862408, 0.09182615323810041, -0.41180527372119125, -0.29698720363149994, -0.11668440522309477, -0.3265847648521833, -0.4066129570961764, -0.2264498656232617, 0.05468629811475256, -0.027809204800459855, 0.004640501885669182, -0.12779121379621838, 0.045779130105379054, -0.07630388142467784, 0.008705204889590465, 0.12724354841356308, -0.03499836446129588, -0.11184520466630785, -0.1382408035108949, -0.06219357594661876, -0.06492871979377898, -0.15299949376020086, -0.11954362332962727, -0.06118276598091392, 0.033349905182105635, 0.027637331516327468, -0.006281820873539831, -0.12021617199960098, 0.07198112150993187, -0.0687953388761846, -0.1285115454358261, 0.06700753460928932, 0.0332569597730412, 0.015309203920324407, -0.04006248723993078, -0.1691760666974016, -0.10049663814226989, -0.009840310565589372, -0.11986937253488941, -0.0009029323950264512, -0.12106924342393499, -0.028968123281509328, 0.030497283201052175, 0.03167995158403723, -0.008632716976061813, 0.06941016565183335, -0.1469543116797054, 0.04782594729534456, -0.15753974361504533, 0.05339412128185099, -0.05101609076461214, -0.02989997755908469, -0.017978170751438982, 0.0580734024248661, -0.06254225670819083, -0.03978354072103685, -0.08863556444817607, -0.031994008486806044, -0.04229705893317168, 0.07922049191722824, -0.10930818105778049, 0.07168171872720318, -0.17702360692845248, -0.053864020723117426, -0.04847967852109694, -0.09113344624237366, -0.01627854740115768, -0.0693187518626463, 0.0026776276811460997, -0.3299798931619733, 0.02129110072112425, 0.005733159970394808, 0.08550672194713398, 0.021892218328571314, 0.02459020772896761, 0.013025835136723632, 0.10381834619310062, -0.03020294737181213, 0.028053267469755963, -0.03805190229823335, -0.1143216370185999, -0.09130858494968401, 0.11164947925917879, 0.07073237370164769, -0.033843944103576454, 0.08094947986179006, -0.0876502604094564, -0.05754424104496901, -0.15596035741660114, -0.03774475893951948, -0.03658044989628757, 0.06852499835045833, 0.035325211149978775, -0.19133806641335482, -0.07990767466408215, -0.0054220623840863374, -0.06907280650952383, -0.15036817175106693, -0.04072531381732117, -0.007316865429547986, 0.025082882213326246, -0.06845463285100029, -0.03300336409414882, -0.11125572588986773, -0.14260249576088707, 0.058704774751874994, -0.05689174613621674, 0.0074095695792089356, -0.1083378078008486, -0.1425356300573148, -0.04256944989281093, 0.04571359411123821, -0.15448503513756134, -0.018965959001914875, -0.11190193168456254, -0.027154919396092034, 0.02149735906033519, -0.0589520345058005, 0.02427947444253678, 0.005625114558462638, -0.1040211066937485, -0.0025622614289490253, -0.04945045477880501, -0.023346338495397537, 0.06634779595817691, -0.044730438582217785, -0.1298612428206396, -0.018062050926277926, -0.03359127618691103, -0.09132419526604649, -0.08204219541690884, -0.14213187593655385, -0.04549674732062334, 0.10187811284900021, 0.004685001614553763, -0.2474058794184269, -0.0660091673501539, -0.011251783147731217, -0.14277256137438968, 0.05463902545184504, -0.061204775836801145, 0.0026574936898828005, -0.08086866832203783, 0.10803159913926498, 0.11160689894903192, -0.06506579867213241, -0.12938760195145427, 0.09530280014975022, -0.024679926571166494, 0.0055222148831213375, -0.1870431524143711, -0.09806211632598687, -0.02104714754600924, 0.05832186008026727, 0.01202359496013962, 0.061967950579362094, -0.06850715002962032, -0.02540402930006054, -0.028899294153707927, -0.09386391054930293, 0.02254790287657618, -0.049119980839175875, -0.021378024613390986, 0.04243677456392626, 0.020222416193907022, -0.1382354796413665, 0.07541421700360684, -0.05423504643623746, -0.028434615830465096, -0.0540091226639168, -0.02113306647504823, -0.030933338971919508, -0.3115652661845343, -0.1881999818735754, -0.1394161681734211, 0.016542804157301458, 0.004275785170018032, 0.09898768931831824, 0.027215754460064065, 0.06800793872736616, -0.03511255389272411, -0.3111218292024853, -0.08095379137122717, -0.1630687679547461, 0.06637427065649291, -0.2365914921021171, -0.3017541745428963, -0.02407783421984297, 0.004718430726359912, -0.19455009914241786, -0.1676029901460352, -0.2892992113543012, -0.04890147327282633, -0.24264625381143035, -0.03421057636733976, -0.08614555477886901, 0.02347720204774316, 0.0022064316195680306, 0.008324521663826037, -0.01132955903578474, 0.03401662840286178, -0.16161357131268894, -0.036682728390858094, -0.5737983480218191, -0.011221693916415615, -0.283613205532828, 0.013895491762061715, -0.04116019644944305, -0.017065926344985508, 0.042379616118291066, -0.08144791157647553, -0.17232097481303432, -0.1664989056124241, -0.31563217495691487, -0.12000055962153193, -0.3668135188789927, -0.07329876806309983, -0.14476296478541673, 0.012840167509035133, -0.1327810362319729, -0.07146912938943288, -0.028176937949151507, -0.18831099315802932, -0.04154582290140563, 0.1667499336688194, -0.4002457713233999, -0.16375851916846604, 0.04419339526726859, -0.30450641971919595, -0.017774360389013644, -0.21663905156780483, -0.1549538478647815, 0.08537308237268773, -0.20060527887020013, -1.011701729367049, 0.1523324424442271, 0.11097114130921781, -0.6490109593957439, -0.8470563262342785, -0.03837426675761772, -0.9355853776703654, -1.902301667907393, -0.18619057862527122, -0.2132713061455047, -0.14560332529047848, -0.1589290390272079, -0.0921361724433184, -0.7592915863181078, 0.11870413810535284, -0.47205109171614, 0.0708905474960303, 0.1224739153487647, -0.21232422108763974, -0.2594981851355054, -0.1099868393278974, -0.6999448431267625, -10.618762054897024, -0.4374227560081031, 0.05306575605144061],